ags8,GEN_G,ARS_V,GEN_V,BEZ_V,GEN_K
07111000,Koblenz,71110000,Koblenz,Verbandsfreie Gemeinde,Koblenz
07131007,Bad Neuenahr-Ahrweiler,71310007,Bad Neuenahr-Ahrweiler,Verbandsfreie Gemeinde,Ahrweiler
07131070,Remagen,71310070,Remagen,Verbandsfreie Gemeinde,Ahrweiler
07131077,Sinzig,71310077,Sinzig,Verbandsfreie Gemeinde,Ahrweiler
07131090,Grafschaft,71310090,Grafschaft,Verbandsfreie Gemeinde,Ahrweiler
07131001,Adenau,71315001,Adenau,Verbandsgemeinde,Ahrweiler
07131004,Antweiler,71315001,Adenau,Verbandsgemeinde,Ahrweiler
07131005,Aremberg,71315001,Adenau,Verbandsgemeinde,Ahrweiler
07131008,Barweiler,71315001,Adenau,Verbandsgemeinde,Ahrweiler
07131009,Bauler,71315001,Adenau,Verbandsgemeinde,Ahrweiler
07131015,Dankerath,71315001,Adenau,Verbandsgemeinde,Ahrweiler
07131018,Dorsel,71315001,Adenau,Verbandsgemeinde,Ahrweiler
07131021,Eichenbach,71315001,Adenau,Verbandsgemeinde,Ahrweiler
07131022,Fuchshofen,71315001,Adenau,Verbandsgemeinde,Ahrweiler
07131026,Harscheid,71315001,Adenau,Verbandsgemeinde,Ahrweiler
07131028,Herschbroich,71315001,Adenau,Verbandsgemeinde,Ahrweiler
07131030,Hoffeld,71315001,Adenau,Verbandsgemeinde,Ahrweiler
07131032,Honerath,71315001,Adenau,Verbandsgemeinde,Ahrweiler
07131033,Hümmel,71315001,Adenau,Verbandsgemeinde,Ahrweiler
07131034,Insul,71315001,Adenau,Verbandsgemeinde,Ahrweiler
07131037,Kaltenborn,71315001,Adenau,Verbandsgemeinde,Ahrweiler
07131042,Kottenborn,71315001,Adenau,Verbandsgemeinde,Ahrweiler
07131044,Leimbach,71315001,Adenau,Verbandsgemeinde,Ahrweiler
07131050,Meuspath,71315001,Adenau,Verbandsgemeinde,Ahrweiler
07131051,Müllenbach,71315001,Adenau,Verbandsgemeinde,Ahrweiler
07131052,Müsch,71315001,Adenau,Verbandsgemeinde,Ahrweiler
07131058,Nürburg,71315001,Adenau,Verbandsgemeinde,Ahrweiler
07131062,Ohlenhard,71315001,Adenau,Verbandsgemeinde,Ahrweiler
07131065,Pomster,71315001,Adenau,Verbandsgemeinde,Ahrweiler
07131066,Quiddelbach,71315001,Adenau,Verbandsgemeinde,Ahrweiler
07131069,Reifferscheid,71315001,Adenau,Verbandsgemeinde,Ahrweiler
07131072,Rodder,71315001,Adenau,Verbandsgemeinde,Ahrweiler
07131074,Schuld,71315001,Adenau,Verbandsgemeinde,Ahrweiler
07131075,Senscheid,71315001,Adenau,Verbandsgemeinde,Ahrweiler
07131076,Sierscheid,71315001,Adenau,Verbandsgemeinde,Ahrweiler
07131079,Trierscheid,71315001,Adenau,Verbandsgemeinde,Ahrweiler
07131082,Wershofen,71315001,Adenau,Verbandsgemeinde,Ahrweiler
07131083,Wiesemscheid,71315001,Adenau,Verbandsgemeinde,Ahrweiler
07131084,Wimbach,71315001,Adenau,Verbandsgemeinde,Ahrweiler
07131085,Winnerath,71315001,Adenau,Verbandsgemeinde,Ahrweiler
07131086,Wirft,71315001,Adenau,Verbandsgemeinde,Ahrweiler
07131501,Dümpelfeld,71315001,Adenau,Verbandsgemeinde,Ahrweiler
07131002,Ahrbrück,71315002,Altenahr,Verbandsgemeinde,Ahrweiler
07131003,Altenahr,71315002,Altenahr,Verbandsgemeinde,Ahrweiler
07131011,Berg,71315002,Altenahr,Verbandsgemeinde,Ahrweiler
07131017,Dernau,71315002,Altenahr,Verbandsgemeinde,Ahrweiler
07131027,Heckenbach,71315002,Altenahr,Verbandsgemeinde,Ahrweiler
07131029,Hönningen,71315002,Altenahr,Verbandsgemeinde,Ahrweiler
07131036,Kalenborn,71315002,Altenahr,Verbandsgemeinde,Ahrweiler
07131039,Kesseling,71315002,Altenahr,Verbandsgemeinde,Ahrweiler
07131040,Kirchsahr,71315002,Altenahr,Verbandsgemeinde,Ahrweiler
07131047,Lind,71315002,Altenahr,Verbandsgemeinde,Ahrweiler
07131049,Mayschoß,71315002,Altenahr,Verbandsgemeinde,Ahrweiler
07131068,Rech,71315002,Altenahr,Verbandsgemeinde,Ahrweiler
07131006,Bad Breisig,71315003,Bad Breisig,Verbandsgemeinde,Ahrweiler
07131014,Brohl-Lützing,71315003,Bad Breisig,Verbandsgemeinde,Ahrweiler
07131025,Gönnersdorf,71315003,Bad Breisig,Verbandsgemeinde,Ahrweiler
07131081,Waldorf,71315003,Bad Breisig,Verbandsgemeinde,Ahrweiler
07131016,Dedenbach,71315004,Brohltal,Verbandsgemeinde,Ahrweiler
07131041,Königsfeld,71315004,Brohltal,Verbandsgemeinde,Ahrweiler
07131054,Niederdürenbach,71315004,Brohltal,Verbandsgemeinde,Ahrweiler
07131055,Niederzissen,71315004,Brohltal,Verbandsgemeinde,Ahrweiler
07131059,Oberdürenbach,71315004,Brohltal,Verbandsgemeinde,Ahrweiler
07131060,Oberzissen,71315004,Brohltal,Verbandsgemeinde,Ahrweiler
07131073,Schalkenbach,71315004,Brohltal,Verbandsgemeinde,Ahrweiler
07131201,Brenk,71315004,Brohltal,Verbandsgemeinde,Ahrweiler
07131202,Burgbrohl,71315004,Brohltal,Verbandsgemeinde,Ahrweiler
07131204,Galenberg,71315004,Brohltal,Verbandsgemeinde,Ahrweiler
07131205,Glees,71315004,Brohltal,Verbandsgemeinde,Ahrweiler
07131206,Hohenleimbach,71315004,Brohltal,Verbandsgemeinde,Ahrweiler
07131208,Spessart,71315004,Brohltal,Verbandsgemeinde,Ahrweiler
07131209,Wassenach,71315004,Brohltal,Verbandsgemeinde,Ahrweiler
07131210,Wehr,71315004,Brohltal,Verbandsgemeinde,Ahrweiler
07131211,Weibern,71315004,Brohltal,Verbandsgemeinde,Ahrweiler
07131502,Kempenich,71315004,Brohltal,Verbandsgemeinde,Ahrweiler
07132018,Daaden,71325003,Daaden-Herdorf,Verbandsgemeinde,Altenkirchen (Westerwald)
07132019,Derschen,71325003,Daaden-Herdorf,Verbandsgemeinde,Altenkirchen (Westerwald)
07132026,Emmerzhausen,71325003,Daaden-Herdorf,Verbandsgemeinde,Altenkirchen (Westerwald)
07132036,Friedewald,71325003,Daaden-Herdorf,Verbandsgemeinde,Altenkirchen (Westerwald)
07132050,Herdorf,71325003,Daaden-Herdorf,Verbandsgemeinde,Altenkirchen (Westerwald)
07132068,Mauden,71325003,Daaden-Herdorf,Verbandsgemeinde,Altenkirchen (Westerwald)
07132075,Niederdreisbach,71325003,Daaden-Herdorf,Verbandsgemeinde,Altenkirchen (Westerwald)
07132079,Nisterberg,71325003,Daaden-Herdorf,Verbandsgemeinde,Altenkirchen (Westerwald)
07132101,Schutzbach,71325003,Daaden-Herdorf,Verbandsgemeinde,Altenkirchen (Westerwald)
07132113,Weitefeld,71325003,Daaden-Herdorf,Verbandsgemeinde,Altenkirchen (Westerwald)
07132007,Birkenbeul,71325006,Hamm (Sieg),Verbandsgemeinde,Altenkirchen (Westerwald)
07132010,Bitzen,71325006,Hamm (Sieg),Verbandsgemeinde,Altenkirchen (Westerwald)
07132013,Breitscheidt,71325006,Hamm (Sieg),Verbandsgemeinde,Altenkirchen (Westerwald)
07132014,Bruchertseifen,71325006,Hamm (Sieg),Verbandsgemeinde,Altenkirchen (Westerwald)
07132028,Etzbach,71325006,Hamm (Sieg),Verbandsgemeinde,Altenkirchen (Westerwald)
07132034,Forst,71325006,Hamm (Sieg),Verbandsgemeinde,Altenkirchen (Westerwald)
07132038,Fürthen,71325006,Hamm (Sieg),Verbandsgemeinde,Altenkirchen (Westerwald)
07132044,Hamm (Sieg),71325006,Hamm (Sieg),Verbandsgemeinde,Altenkirchen (Westerwald)
07132077,Niederirsen,71325006,Hamm (Sieg),Verbandsgemeinde,Altenkirchen (Westerwald)
07132091,Pracht,71325006,Hamm (Sieg),Verbandsgemeinde,Altenkirchen (Westerwald)
07132096,Roth,71325006,Hamm (Sieg),Verbandsgemeinde,Altenkirchen (Westerwald)
07132102,Seelbach bei Hamm (Sieg),71325006,Hamm (Sieg),Verbandsgemeinde,Altenkirchen (Westerwald)
07132012,Brachbach,71325007,Kirchen (Sieg),Verbandsgemeinde,Altenkirchen (Westerwald)
07132037,Friesenhagen,71325007,Kirchen (Sieg),Verbandsgemeinde,Altenkirchen (Westerwald)
07132045,Harbach,71325007,Kirchen (Sieg),Verbandsgemeinde,Altenkirchen (Westerwald)
07132063,Kirchen (Sieg),71325007,Kirchen (Sieg),Verbandsgemeinde,Altenkirchen (Westerwald)
07132072,Mudersbach,71325007,Kirchen (Sieg),Verbandsgemeinde,Altenkirchen (Westerwald)
07132076,Niederfischbach,71325007,Kirchen (Sieg),Verbandsgemeinde,Altenkirchen (Westerwald)
07132008,Birken-Honigsessen,71325008,Wissen,Verbandsgemeinde,Altenkirchen (Westerwald)
07132011,Mittelhof,71325008,Wissen,Verbandsgemeinde,Altenkirchen (Westerwald)
07132054,Hövels,71325008,Wissen,Verbandsgemeinde,Altenkirchen (Westerwald)
07132080,Katzwinkel (Sieg),71325008,Wissen,Verbandsgemeinde,Altenkirchen (Westerwald)
07132105,Selbach (Sieg),71325008,Wissen,Verbandsgemeinde,Altenkirchen (Westerwald)
07132117,Wissen,71325008,Wissen,Verbandsgemeinde,Altenkirchen (Westerwald)
07132002,Alsdorf,71325009,Betzdorf-Gebhardshain,Verbandsgemeinde,Altenkirchen (Westerwald)
07132006,Betzdorf,71325009,Betzdorf-Gebhardshain,Verbandsgemeinde,Altenkirchen (Westerwald)
07132020,Dickendorf,71325009,Betzdorf-Gebhardshain,Verbandsgemeinde,Altenkirchen (Westerwald)
07132024,Elben,71325009,Betzdorf-Gebhardshain,Verbandsgemeinde,Altenkirchen (Westerwald)
07132025,Elkenroth,71325009,Betzdorf-Gebhardshain,Verbandsgemeinde,Altenkirchen (Westerwald)
07132030,Fensdorf,71325009,Betzdorf-Gebhardshain,Verbandsgemeinde,Altenkirchen (Westerwald)
07132039,Gebhardshain,71325009,Betzdorf-Gebhardshain,Verbandsgemeinde,Altenkirchen (Westerwald)
07132042,Grünebach,71325009,Betzdorf-Gebhardshain,Verbandsgemeinde,Altenkirchen (Westerwald)
07132059,Kausen,71325009,Betzdorf-Gebhardshain,Verbandsgemeinde,Altenkirchen (Westerwald)
07132066,Malberg,71325009,Betzdorf-Gebhardshain,Verbandsgemeinde,Altenkirchen (Westerwald)
07132071,Molzhain,71325009,Betzdorf-Gebhardshain,Verbandsgemeinde,Altenkirchen (Westerwald)
07132073,Nauroth,71325009,Betzdorf-Gebhardshain,Verbandsgemeinde,Altenkirchen (Westerwald)
07132095,Rosenheim (Landkreis Altenkirchen),71325009,Betzdorf-Gebhardshain,Verbandsgemeinde,Altenkirchen (Westerwald)
07132098,Scheuerfeld,71325009,Betzdorf-Gebhardshain,Verbandsgemeinde,Altenkirchen (Westerwald)
07132107,Steinebach/Sieg,71325009,Betzdorf-Gebhardshain,Verbandsgemeinde,Altenkirchen (Westerwald)
07132108,Steineroth,71325009,Betzdorf-Gebhardshain,Verbandsgemeinde,Altenkirchen (Westerwald)
07132111,Wallmenroth,71325009,Betzdorf-Gebhardshain,Verbandsgemeinde,Altenkirchen (Westerwald)
07132001,Almersbach,71325010,Altenkirchen-Flammersfeld,Verbandsgemeinde,Altenkirchen (Westerwald)
07132004,Bachenberg,71325010,Altenkirchen-Flammersfeld,Verbandsgemeinde,Altenkirchen (Westerwald)
07132005,Berzhausen,71325010,Altenkirchen-Flammersfeld,Verbandsgemeinde,Altenkirchen (Westerwald)
07132009,Birnbach,71325010,Altenkirchen-Flammersfeld,Verbandsgemeinde,Altenkirchen (Westerwald)
07132015,Bürdenbach,71325010,Altenkirchen-Flammersfeld,Verbandsgemeinde,Altenkirchen (Westerwald)
07132016,Burglahr,71325010,Altenkirchen-Flammersfeld,Verbandsgemeinde,Altenkirchen (Westerwald)
07132017,Busenhausen,71325010,Altenkirchen-Flammersfeld,Verbandsgemeinde,Altenkirchen (Westerwald)
07132022,Eichelhardt,71325010,Altenkirchen-Flammersfeld,Verbandsgemeinde,Altenkirchen (Westerwald)
07132023,Eichen,71325010,Altenkirchen-Flammersfeld,Verbandsgemeinde,Altenkirchen (Westerwald)
07132027,Ersfeld,71325010,Altenkirchen-Flammersfeld,Verbandsgemeinde,Altenkirchen (Westerwald)
07132029,Eulenberg,71325010,Altenkirchen-Flammersfeld,Verbandsgemeinde,Altenkirchen (Westerwald)
07132031,Fiersbach,71325010,Altenkirchen-Flammersfeld,Verbandsgemeinde,Altenkirchen (Westerwald)
07132032,Flammersfeld,71325010,Altenkirchen-Flammersfeld,Verbandsgemeinde,Altenkirchen (Westerwald)
07132033,Fluterschen,71325010,Altenkirchen-Flammersfeld,Verbandsgemeinde,Altenkirchen (Westerwald)
07132035,Forstmehren,71325010,Altenkirchen-Flammersfeld,Verbandsgemeinde,Altenkirchen (Westerwald)
07132040,Gieleroth,71325010,Altenkirchen-Flammersfeld,Verbandsgemeinde,Altenkirchen (Westerwald)
07132041,Giershausen,71325010,Altenkirchen-Flammersfeld,Verbandsgemeinde,Altenkirchen (Westerwald)
07132043,Güllesheim,71325010,Altenkirchen-Flammersfeld,Verbandsgemeinde,Altenkirchen (Westerwald)
07132046,Hasselbach,71325010,Altenkirchen-Flammersfeld,Verbandsgemeinde,Altenkirchen (Westerwald)
07132047,Helmenzen,71325010,Altenkirchen-Flammersfeld,Verbandsgemeinde,Altenkirchen (Westerwald)
07132048,Helmeroth,71325010,Altenkirchen-Flammersfeld,Verbandsgemeinde,Altenkirchen (Westerwald)
07132049,Hemmelzen,71325010,Altenkirchen-Flammersfeld,Verbandsgemeinde,Altenkirchen (Westerwald)
07132051,Heupelzen,71325010,Altenkirchen-Flammersfeld,Verbandsgemeinde,Altenkirchen (Westerwald)
07132052,Hilgenroth,71325010,Altenkirchen-Flammersfeld,Verbandsgemeinde,Altenkirchen (Westerwald)
07132053,Hirz-Maulsbach,71325010,Altenkirchen-Flammersfeld,Verbandsgemeinde,Altenkirchen (Westerwald)
07132055,Horhausen (Westerwald),71325010,Altenkirchen-Flammersfeld,Verbandsgemeinde,Altenkirchen (Westerwald)
07132056,Idelberg,71325010,Altenkirchen-Flammersfeld,Verbandsgemeinde,Altenkirchen (Westerwald)
07132057,Ingelbach,71325010,Altenkirchen-Flammersfeld,Verbandsgemeinde,Altenkirchen (Westerwald)
07132058,Isert,71325010,Altenkirchen-Flammersfeld,Verbandsgemeinde,Altenkirchen (Westerwald)
07132060,Kescheid,71325010,Altenkirchen-Flammersfeld,Verbandsgemeinde,Altenkirchen (Westerwald)
07132061,Kettenhausen,71325010,Altenkirchen-Flammersfeld,Verbandsgemeinde,Altenkirchen (Westerwald)
07132062,Kircheib,71325010,Altenkirchen-Flammersfeld,Verbandsgemeinde,Altenkirchen (Westerwald)
07132064,Kraam,71325010,Altenkirchen-Flammersfeld,Verbandsgemeinde,Altenkirchen (Westerwald)
07132065,Krunkel,71325010,Altenkirchen-Flammersfeld,Verbandsgemeinde,Altenkirchen (Westerwald)
07132067,Mammelzen,71325010,Altenkirchen-Flammersfeld,Verbandsgemeinde,Altenkirchen (Westerwald)
07132069,Mehren,71325010,Altenkirchen-Flammersfeld,Verbandsgemeinde,Altenkirchen (Westerwald)
07132070,Michelbach (Westerwald),71325010,Altenkirchen-Flammersfeld,Verbandsgemeinde,Altenkirchen (Westerwald)
07132078,Niedersteinebach,71325010,Altenkirchen-Flammersfeld,Verbandsgemeinde,Altenkirchen (Westerwald)
07132081,Obererbach (Westerwald),71325010,Altenkirchen-Flammersfeld,Verbandsgemeinde,Altenkirchen (Westerwald)
07132082,Oberirsen,71325010,Altenkirchen-Flammersfeld,Verbandsgemeinde,Altenkirchen (Westerwald)
07132083,Oberlahr,71325010,Altenkirchen-Flammersfeld,Verbandsgemeinde,Altenkirchen (Westerwald)
07132085,Obersteinebach,71325010,Altenkirchen-Flammersfeld,Verbandsgemeinde,Altenkirchen (Westerwald)
07132086,Oberwambach,71325010,Altenkirchen-Flammersfeld,Verbandsgemeinde,Altenkirchen (Westerwald)
07132087,Ölsen,71325010,Altenkirchen-Flammersfeld,Verbandsgemeinde,Altenkirchen (Westerwald)
07132088,Orfgen,71325010,Altenkirchen-Flammersfeld,Verbandsgemeinde,Altenkirchen (Westerwald)
07132089,Peterslahr,71325010,Altenkirchen-Flammersfeld,Verbandsgemeinde,Altenkirchen (Westerwald)
07132090,Pleckhausen,71325010,Altenkirchen-Flammersfeld,Verbandsgemeinde,Altenkirchen (Westerwald)
07132092,Racksen,71325010,Altenkirchen-Flammersfeld,Verbandsgemeinde,Altenkirchen (Westerwald)
07132093,Reiferscheid,71325010,Altenkirchen-Flammersfeld,Verbandsgemeinde,Altenkirchen (Westerwald)
07132094,Rettersen,71325010,Altenkirchen-Flammersfeld,Verbandsgemeinde,Altenkirchen (Westerwald)
07132097,Rott,71325010,Altenkirchen-Flammersfeld,Verbandsgemeinde,Altenkirchen (Westerwald)
07132099,Schöneberg,71325010,Altenkirchen-Flammersfeld,Verbandsgemeinde,Altenkirchen (Westerwald)
07132100,Schürdt,71325010,Altenkirchen-Flammersfeld,Verbandsgemeinde,Altenkirchen (Westerwald)
07132103,Seelbach (Westerwald),71325010,Altenkirchen-Flammersfeld,Verbandsgemeinde,Altenkirchen (Westerwald)
07132104,Seifen,71325010,Altenkirchen-Flammersfeld,Verbandsgemeinde,Altenkirchen (Westerwald)
07132106,Sörth,71325010,Altenkirchen-Flammersfeld,Verbandsgemeinde,Altenkirchen (Westerwald)
07132109,Stürzelbach,71325010,Altenkirchen-Flammersfeld,Verbandsgemeinde,Altenkirchen (Westerwald)
07132110,Volkerzen,71325010,Altenkirchen-Flammersfeld,Verbandsgemeinde,Altenkirchen (Westerwald)
07132112,Walterschen,71325010,Altenkirchen-Flammersfeld,Verbandsgemeinde,Altenkirchen (Westerwald)
07132114,Werkhausen,71325010,Altenkirchen-Flammersfeld,Verbandsgemeinde,Altenkirchen (Westerwald)
07132115,Weyerbusch,71325010,Altenkirchen-Flammersfeld,Verbandsgemeinde,Altenkirchen (Westerwald)
07132116,Willroth,71325010,Altenkirchen-Flammersfeld,Verbandsgemeinde,Altenkirchen (Westerwald)
07132118,Wölmersen,71325010,Altenkirchen-Flammersfeld,Verbandsgemeinde,Altenkirchen (Westerwald)
07132119,Ziegenhain,71325010,Altenkirchen-Flammersfeld,Verbandsgemeinde,Altenkirchen (Westerwald)
07132201,Berod bei Hachenburg,71325010,Altenkirchen-Flammersfeld,Verbandsgemeinde,Altenkirchen (Westerwald)
07132501,Altenkirchen (Westerwald),71325010,Altenkirchen-Flammersfeld,Verbandsgemeinde,Altenkirchen (Westerwald)
07132502,Neitersen,71325010,Altenkirchen-Flammersfeld,Verbandsgemeinde,Altenkirchen (Westerwald)
07133006,Bad Kreuznach,71330006,Bad Kreuznach,Verbandsfreie Gemeinde,Bad Kreuznach
07133003,Altenbamberg,71335001,Bad Kreuznach,Verbandsgemeinde,Bad Kreuznach
07133012,Biebelsheim,71335001,Bad Kreuznach,Verbandsgemeinde,Bad Kreuznach
07133030,Feilbingert,71335001,Bad Kreuznach,Verbandsgemeinde,Bad Kreuznach
07133031,Frei-Laubersheim,71335001,Bad Kreuznach,Verbandsgemeinde,Bad Kreuznach
07133032,Fürfeld,71335001,Bad Kreuznach,Verbandsgemeinde,Bad Kreuznach
07133037,Hackenheim,71335001,Bad Kreuznach,Verbandsgemeinde,Bad Kreuznach
07133039,Hallgarten,71335001,Bad Kreuznach,Verbandsgemeinde,Bad Kreuznach
07133045,Hochstätten,71335001,Bad Kreuznach,Verbandsgemeinde,Bad Kreuznach
07133069,Neu-Bamberg,71335001,Bad Kreuznach,Verbandsgemeinde,Bad Kreuznach
07133078,Pfaffen-Schwabenheim,71335001,Bad Kreuznach,Verbandsgemeinde,Bad Kreuznach
07133080,Pleitersheim,71335001,Bad Kreuznach,Verbandsgemeinde,Bad Kreuznach
07133104,Tiefenthal,71335001,Bad Kreuznach,Verbandsgemeinde,Bad Kreuznach
07133106,Volxheim,71335001,Bad Kreuznach,Verbandsgemeinde,Bad Kreuznach
07133002,Allenfeld,71335006,Rüdesheim,Verbandsgemeinde,Bad Kreuznach
07133004,Argenschwang,71335006,Rüdesheim,Verbandsgemeinde,Bad Kreuznach
07133013,Bockenau,71335006,Rüdesheim,Verbandsgemeinde,Bad Kreuznach
07133014,Boos,71335006,Rüdesheim,Verbandsgemeinde,Bad Kreuznach
07133015,Braunweiler,71335006,Rüdesheim,Verbandsgemeinde,Bad Kreuznach
07133019,Burgsponheim,71335006,Rüdesheim,Verbandsgemeinde,Bad Kreuznach
07133021,Dalberg,71335006,Rüdesheim,Verbandsgemeinde,Bad Kreuznach
07133027,Duchroth,71335006,Rüdesheim,Verbandsgemeinde,Bad Kreuznach
07133033,Gebroth,71335006,Rüdesheim,Verbandsgemeinde,Bad Kreuznach
07133036,Gutenberg,71335006,Rüdesheim,Verbandsgemeinde,Bad Kreuznach
07133040,Hargesheim,71335006,Rüdesheim,Verbandsgemeinde,Bad Kreuznach
07133044,Hergenfeld,71335006,Rüdesheim,Verbandsgemeinde,Bad Kreuznach
07133048,Hüffelsheim,71335006,Rüdesheim,Verbandsgemeinde,Bad Kreuznach
07133061,Mandel,71335006,Rüdesheim,Verbandsgemeinde,Bad Kreuznach
07133068,Münchwald,71335006,Rüdesheim,Verbandsgemeinde,Bad Kreuznach
07133070,Niederhausen,71335006,Rüdesheim,Verbandsgemeinde,Bad Kreuznach
07133071,Norheim,71335006,Rüdesheim,Verbandsgemeinde,Bad Kreuznach
07133074,Oberhausen an der Nahe,71335006,Rüdesheim,Verbandsgemeinde,Bad Kreuznach
07133075,Oberstreit,71335006,Rüdesheim,Verbandsgemeinde,Bad Kreuznach
07133086,Roxheim,71335006,Rüdesheim,Verbandsgemeinde,Bad Kreuznach
07133088,Sankt Katharinen,71335006,Rüdesheim,Verbandsgemeinde,Bad Kreuznach
07133089,Schloßböckelheim,71335006,Rüdesheim,Verbandsgemeinde,Bad Kreuznach
07133098,Sommerloch,71335006,Rüdesheim,Verbandsgemeinde,Bad Kreuznach
07133099,Spabrücken,71335006,Rüdesheim,Verbandsgemeinde,Bad Kreuznach
07133100,Spall,71335006,Rüdesheim,Verbandsgemeinde,Bad Kreuznach
07133101,Sponheim,71335006,Rüdesheim,Verbandsgemeinde,Bad Kreuznach
07133105,Traisen,71335006,Rüdesheim,Verbandsgemeinde,Bad Kreuznach
07133107,Waldböckelheim,71335006,Rüdesheim,Verbandsgemeinde,Bad Kreuznach
07133109,Wallhausen,71335006,Rüdesheim,Verbandsgemeinde,Bad Kreuznach
07133112,Weinsheim,71335006,Rüdesheim,Verbandsgemeinde,Bad Kreuznach
07133115,Winterbach,71335006,Rüdesheim,Verbandsgemeinde,Bad Kreuznach
07133117,Rüdesheim,71335006,Rüdesheim,Verbandsgemeinde,Bad Kreuznach
07133008,Bärenbach,71335009,Kirner Land,Verbandsgemeinde,Bad Kreuznach
07133010,Becherbach bei Kirn,71335009,Kirner Land,Verbandsgemeinde,Bad Kreuznach
07133016,Brauweiler,71335009,Kirner Land,Verbandsgemeinde,Bad Kreuznach
07133038,Hahnenbach,71335009,Kirner Land,Verbandsgemeinde,Bad Kreuznach
07133041,Heimweiler,71335009,Kirner Land,Verbandsgemeinde,Bad Kreuznach
07133042,Heinzenberg,71335009,Kirner Land,Verbandsgemeinde,Bad Kreuznach
07133043,Hennweiler,71335009,Kirner Land,Verbandsgemeinde,Bad Kreuznach
07133046,Hochstetten-Dhaun,71335009,Kirner Land,Verbandsgemeinde,Bad Kreuznach
07133047,Horbach,71335009,Kirner Land,Verbandsgemeinde,Bad Kreuznach
07133052,Kirn,71335009,Kirner Land,Verbandsgemeinde,Bad Kreuznach
07133059,Limbach,71335009,Kirner Land,Verbandsgemeinde,Bad Kreuznach
07133063,Meckenbach,71335009,Kirner Land,Verbandsgemeinde,Bad Kreuznach
07133073,Oberhausen bei Kirn,71335009,Kirner Land,Verbandsgemeinde,Bad Kreuznach
07133077,Otzweiler,71335009,Kirner Land,Verbandsgemeinde,Bad Kreuznach
07133096,Simmertal,71335009,Kirner Land,Verbandsgemeinde,Bad Kreuznach
07133113,Weitersborn,71335009,Kirner Land,Verbandsgemeinde,Bad Kreuznach
07133201,Bruschied,71335009,Kirner Land,Verbandsgemeinde,Bad Kreuznach
07133202,Kellenbach,71335009,Kirner Land,Verbandsgemeinde,Bad Kreuznach
07133203,Königsau,71335009,Kirner Land,Verbandsgemeinde,Bad Kreuznach
07133204,Schneppenbach,71335009,Kirner Land,Verbandsgemeinde,Bad Kreuznach
07133205,Schwarzerden,71335009,Kirner Land,Verbandsgemeinde,Bad Kreuznach
07133001,Abtweiler,71335010,Nahe-Glan,Verbandsgemeinde,Bad Kreuznach
07133005,Auen,71335010,Nahe-Glan,Verbandsgemeinde,Bad Kreuznach
07133009,Bärweiler,71335010,Nahe-Glan,Verbandsgemeinde,Bad Kreuznach
07133011,Becherbach,71335010,Nahe-Glan,Verbandsgemeinde,Bad Kreuznach
07133017,Breitenheim,71335010,Nahe-Glan,Verbandsgemeinde,Bad Kreuznach
07133020,Callbach,71335010,Nahe-Glan,Verbandsgemeinde,Bad Kreuznach
07133022,Daubach,71335010,Nahe-Glan,Verbandsgemeinde,Bad Kreuznach
07133024,Desloch,71335010,Nahe-Glan,Verbandsgemeinde,Bad Kreuznach
07133049,Hundsbach,71335010,Nahe-Glan,Verbandsgemeinde,Bad Kreuznach
07133050,Ippenschied,71335010,Nahe-Glan,Verbandsgemeinde,Bad Kreuznach
07133051,Jeckenbach,71335010,Nahe-Glan,Verbandsgemeinde,Bad Kreuznach
07133053,Kirschroth,71335010,Nahe-Glan,Verbandsgemeinde,Bad Kreuznach
07133055,Langenthal,71335010,Nahe-Glan,Verbandsgemeinde,Bad Kreuznach
07133057,Lauschied,71335010,Nahe-Glan,Verbandsgemeinde,Bad Kreuznach
07133058,Lettweiler,71335010,Nahe-Glan,Verbandsgemeinde,Bad Kreuznach
07133060,Löllbach,71335010,Nahe-Glan,Verbandsgemeinde,Bad Kreuznach
07133062,Martinstein,71335010,Nahe-Glan,Verbandsgemeinde,Bad Kreuznach
07133064,Meddersheim,71335010,Nahe-Glan,Verbandsgemeinde,Bad Kreuznach
07133065,Meisenheim,71335010,Nahe-Glan,Verbandsgemeinde,Bad Kreuznach
07133066,Merxheim,71335010,Nahe-Glan,Verbandsgemeinde,Bad Kreuznach
07133067,Monzingen,71335010,Nahe-Glan,Verbandsgemeinde,Bad Kreuznach
07133072,Nußbaum,71335010,Nahe-Glan,Verbandsgemeinde,Bad Kreuznach
07133076,Odernheim am Glan,71335010,Nahe-Glan,Verbandsgemeinde,Bad Kreuznach
07133081,Raumbach,71335010,Nahe-Glan,Verbandsgemeinde,Bad Kreuznach
07133082,Rehbach,71335010,Nahe-Glan,Verbandsgemeinde,Bad Kreuznach
07133083,Rehborn,71335010,Nahe-Glan,Verbandsgemeinde,Bad Kreuznach
07133084,Reiffelbach,71335010,Nahe-Glan,Verbandsgemeinde,Bad Kreuznach
07133090,Schmittweiler,71335010,Nahe-Glan,Verbandsgemeinde,Bad Kreuznach
07133092,Schweinschied,71335010,Nahe-Glan,Verbandsgemeinde,Bad Kreuznach
07133094,Seesbach,71335010,Nahe-Glan,Verbandsgemeinde,Bad Kreuznach
07133102,Staudernheim,71335010,Nahe-Glan,Verbandsgemeinde,Bad Kreuznach
07133111,Weiler bei Monzingen,71335010,Nahe-Glan,Verbandsgemeinde,Bad Kreuznach
07133116,Winterburg,71335010,Nahe-Glan,Verbandsgemeinde,Bad Kreuznach
07133501,Bad Sobernheim,71335010,Nahe-Glan,Verbandsgemeinde,Bad Kreuznach
07133018,Bretzenheim,71335011,Langenlonsheim-Stromberg,Verbandsgemeinde,Bad Kreuznach
07133023,Daxweiler,71335011,Langenlonsheim-Stromberg,Verbandsgemeinde,Bad Kreuznach
07133025,Dörrebach,71335011,Langenlonsheim-Stromberg,Verbandsgemeinde,Bad Kreuznach
07133026,Dorsheim,71335011,Langenlonsheim-Stromberg,Verbandsgemeinde,Bad Kreuznach
07133028,Eckenroth,71335011,Langenlonsheim-Stromberg,Verbandsgemeinde,Bad Kreuznach
07133035,Guldental,71335011,Langenlonsheim-Stromberg,Verbandsgemeinde,Bad Kreuznach
07133054,Langenlonsheim,71335011,Langenlonsheim-Stromberg,Verbandsgemeinde,Bad Kreuznach
07133056,Laubenheim,71335011,Langenlonsheim-Stromberg,Verbandsgemeinde,Bad Kreuznach
07133085,Roth,71335011,Langenlonsheim-Stromberg,Verbandsgemeinde,Bad Kreuznach
07133087,Rümmelsheim,71335011,Langenlonsheim-Stromberg,Verbandsgemeinde,Bad Kreuznach
07133091,Schöneberg,71335011,Langenlonsheim-Stromberg,Verbandsgemeinde,Bad Kreuznach
07133093,Schweppenhausen,71335011,Langenlonsheim-Stromberg,Verbandsgemeinde,Bad Kreuznach
07133095,Seibersbach,71335011,Langenlonsheim-Stromberg,Verbandsgemeinde,Bad Kreuznach
07133103,Stromberg,71335011,Langenlonsheim-Stromberg,Verbandsgemeinde,Bad Kreuznach
07133108,Waldlaubersheim,71335011,Langenlonsheim-Stromberg,Verbandsgemeinde,Bad Kreuznach
07133110,Warmsroth,71335011,Langenlonsheim-Stromberg,Verbandsgemeinde,Bad Kreuznach
07133114,Windesheim,71335011,Langenlonsheim-Stromberg,Verbandsgemeinde,Bad Kreuznach
07134045,Idar-Oberstein,71340045,Idar-Oberstein,Verbandsfreie Gemeinde,Birkenfeld
07134005,Baumholder,71345001,Baumholder,Verbandsgemeinde,Birkenfeld
07134007,Berglangenbach,71345001,Baumholder,Verbandsgemeinde,Birkenfeld
07134008,Berschweiler bei Baumholder,71345001,Baumholder,Verbandsgemeinde,Birkenfeld
07134021,Eckersweiler,71345001,Baumholder,Verbandsgemeinde,Birkenfeld
07134026,Fohren-Linden,71345001,Baumholder,Verbandsgemeinde,Birkenfeld
07134027,Frauenberg,71345001,Baumholder,Verbandsgemeinde,Birkenfeld
07134033,Hahnweiler,71345001,Baumholder,Verbandsgemeinde,Birkenfeld
07134036,Heimbach,71345001,Baumholder,Verbandsgemeinde,Birkenfeld
07134051,Leitzweiler,71345001,Baumholder,Verbandsgemeinde,Birkenfeld
07134054,Mettweiler,71345001,Baumholder,Verbandsgemeinde,Birkenfeld
07134068,Reichenbach,71345001,Baumholder,Verbandsgemeinde,Birkenfeld
07134073,Rohrbach,71345001,Baumholder,Verbandsgemeinde,Birkenfeld
07134074,Rückweiler,71345001,Baumholder,Verbandsgemeinde,Birkenfeld
07134075,Ruschberg,71345001,Baumholder,Verbandsgemeinde,Birkenfeld
07134001,Abentheuer,71345002,Birkenfeld,Verbandsgemeinde,Birkenfeld
07134002,Achtelsbach,71345002,Birkenfeld,Verbandsgemeinde,Birkenfeld
07134010,Birkenfeld,71345002,Birkenfeld,Verbandsgemeinde,Birkenfeld
07134011,Börfink,71345002,Birkenfeld,Verbandsgemeinde,Birkenfeld
07134015,Brücken,71345002,Birkenfeld,Verbandsgemeinde,Birkenfeld
07134016,Buhlenberg,71345002,Birkenfeld,Verbandsgemeinde,Birkenfeld
07134018,Dambach,71345002,Birkenfeld,Verbandsgemeinde,Birkenfeld
07134020,Dienstweiler,71345002,Birkenfeld,Verbandsgemeinde,Birkenfeld
07134022,Elchweiler,71345002,Birkenfeld,Verbandsgemeinde,Birkenfeld
07134023,Ellenberg,71345002,Birkenfeld,Verbandsgemeinde,Birkenfeld
07134024,Ellweiler,71345002,Birkenfeld,Verbandsgemeinde,Birkenfeld
07134029,Gimbweiler,71345002,Birkenfeld,Verbandsgemeinde,Birkenfeld
07134031,Gollenberg,71345002,Birkenfeld,Verbandsgemeinde,Birkenfeld
07134034,Hattgenstein,71345002,Birkenfeld,Verbandsgemeinde,Birkenfeld
07134042,Hoppstädten-Weiersbach,71345002,Birkenfeld,Verbandsgemeinde,Birkenfeld
07134048,Kronweiler,71345002,Birkenfeld,Verbandsgemeinde,Birkenfeld
07134050,Leisel,71345002,Birkenfeld,Verbandsgemeinde,Birkenfeld
07134053,Meckenbach,71345002,Birkenfeld,Verbandsgemeinde,Birkenfeld
07134057,Niederbrombach,71345002,Birkenfeld,Verbandsgemeinde,Birkenfeld
07134058,Niederhambach,71345002,Birkenfeld,Verbandsgemeinde,Birkenfeld
07134061,Nohen,71345002,Birkenfeld,Verbandsgemeinde,Birkenfeld
07134062,Oberbrombach,71345002,Birkenfeld,Verbandsgemeinde,Birkenfeld
07134063,Oberhambach,71345002,Birkenfeld,Verbandsgemeinde,Birkenfeld
07134070,Rimsberg,71345002,Birkenfeld,Verbandsgemeinde,Birkenfeld
07134071,Rinzenberg,71345002,Birkenfeld,Verbandsgemeinde,Birkenfeld
07134072,Rötsweiler-Nockenthal,71345002,Birkenfeld,Verbandsgemeinde,Birkenfeld
07134078,Schmißberg,71345002,Birkenfeld,Verbandsgemeinde,Birkenfeld
07134080,Schwollen,71345002,Birkenfeld,Verbandsgemeinde,Birkenfeld
07134084,Siesbach,71345002,Birkenfeld,Verbandsgemeinde,Birkenfeld
07134085,Sonnenberg-Winnenberg,71345002,Birkenfeld,Verbandsgemeinde,Birkenfeld
07134094,Wilzenberg-Hußweiler,71345002,Birkenfeld,Verbandsgemeinde,Birkenfeld
07134003,Allenbach,71345005,Herrstein-Rhaunen,Verbandsgemeinde,Birkenfeld
07134004,Asbach,71345005,Herrstein-Rhaunen,Verbandsgemeinde,Birkenfeld
07134006,Bergen,71345005,Herrstein-Rhaunen,Verbandsgemeinde,Birkenfeld
07134009,Berschweiler bei Kirn,71345005,Herrstein-Rhaunen,Verbandsgemeinde,Birkenfeld
07134012,Bollenbach,71345005,Herrstein-Rhaunen,Verbandsgemeinde,Birkenfeld
07134013,Breitenthal,71345005,Herrstein-Rhaunen,Verbandsgemeinde,Birkenfeld
07134014,Bruchweiler,71345005,Herrstein-Rhaunen,Verbandsgemeinde,Birkenfeld
07134017,Bundenbach,71345005,Herrstein-Rhaunen,Verbandsgemeinde,Birkenfeld
07134019,Dickesbach,71345005,Herrstein-Rhaunen,Verbandsgemeinde,Birkenfeld
07134025,Fischbach,71345005,Herrstein-Rhaunen,Verbandsgemeinde,Birkenfeld
07134028,Gerach,71345005,Herrstein-Rhaunen,Verbandsgemeinde,Birkenfeld
07134030,Gösenroth,71345005,Herrstein-Rhaunen,Verbandsgemeinde,Birkenfeld
07134032,Griebelschied,71345005,Herrstein-Rhaunen,Verbandsgemeinde,Birkenfeld
07134035,Hausen,71345005,Herrstein-Rhaunen,Verbandsgemeinde,Birkenfeld
07134037,Hellertshausen,71345005,Herrstein-Rhaunen,Verbandsgemeinde,Birkenfeld
07134038,Herborn,71345005,Herrstein-Rhaunen,Verbandsgemeinde,Birkenfeld
07134039,Herrstein,71345005,Herrstein-Rhaunen,Verbandsgemeinde,Birkenfeld
07134040,Hettenrodt,71345005,Herrstein-Rhaunen,Verbandsgemeinde,Birkenfeld
07134041,Hintertiefenbach,71345005,Herrstein-Rhaunen,Verbandsgemeinde,Birkenfeld
07134043,Horbruch,71345005,Herrstein-Rhaunen,Verbandsgemeinde,Birkenfeld
07134044,Hottenbach,71345005,Herrstein-Rhaunen,Verbandsgemeinde,Birkenfeld
07134046,Kempfeld,71345005,Herrstein-Rhaunen,Verbandsgemeinde,Birkenfeld
07134047,Kirschweiler,71345005,Herrstein-Rhaunen,Verbandsgemeinde,Birkenfeld
07134049,Krummenau,71345005,Herrstein-Rhaunen,Verbandsgemeinde,Birkenfeld
07134052,Mackenrodt,71345005,Herrstein-Rhaunen,Verbandsgemeinde,Birkenfeld
07134055,Mittelreidenbach,71345005,Herrstein-Rhaunen,Verbandsgemeinde,Birkenfeld
07134056,Mörschied,71345005,Herrstein-Rhaunen,Verbandsgemeinde,Birkenfeld
07134059,Niederhosenbach,71345005,Herrstein-Rhaunen,Verbandsgemeinde,Birkenfeld
07134060,Niederwörresbach,71345005,Herrstein-Rhaunen,Verbandsgemeinde,Birkenfeld
07134064,Oberhosenbach,71345005,Herrstein-Rhaunen,Verbandsgemeinde,Birkenfeld
07134065,Oberkirn,71345005,Herrstein-Rhaunen,Verbandsgemeinde,Birkenfeld
07134066,Oberreidenbach,71345005,Herrstein-Rhaunen,Verbandsgemeinde,Birkenfeld
07134067,Oberwörresbach,71345005,Herrstein-Rhaunen,Verbandsgemeinde,Birkenfeld
07134069,Rhaunen,71345005,Herrstein-Rhaunen,Verbandsgemeinde,Birkenfeld
07134076,Schauren,71345005,Herrstein-Rhaunen,Verbandsgemeinde,Birkenfeld
07134077,Schmidthachenbach,71345005,Herrstein-Rhaunen,Verbandsgemeinde,Birkenfeld
07134079,Schwerbach,71345005,Herrstein-Rhaunen,Verbandsgemeinde,Birkenfeld
07134081,Sensweiler,71345005,Herrstein-Rhaunen,Verbandsgemeinde,Birkenfeld
07134082,Sien,71345005,Herrstein-Rhaunen,Verbandsgemeinde,Birkenfeld
07134083,Sienhachenbach,71345005,Herrstein-Rhaunen,Verbandsgemeinde,Birkenfeld
07134086,Sonnschied,71345005,Herrstein-Rhaunen,Verbandsgemeinde,Birkenfeld
07134087,Stipshausen,71345005,Herrstein-Rhaunen,Verbandsgemeinde,Birkenfeld
07134088,Sulzbach,71345005,Herrstein-Rhaunen,Verbandsgemeinde,Birkenfeld
07134089,Veitsrodt,71345005,Herrstein-Rhaunen,Verbandsgemeinde,Birkenfeld
07134090,Vollmersbach,71345005,Herrstein-Rhaunen,Verbandsgemeinde,Birkenfeld
07134091,Weiden,71345005,Herrstein-Rhaunen,Verbandsgemeinde,Birkenfeld
07134092,Weitersbach,71345005,Herrstein-Rhaunen,Verbandsgemeinde,Birkenfeld
07134093,Wickenrodt,71345005,Herrstein-Rhaunen,Verbandsgemeinde,Birkenfeld
07134095,Wirschweiler,71345005,Herrstein-Rhaunen,Verbandsgemeinde,Birkenfeld
07134502,Langweiler,71345005,Herrstein-Rhaunen,Verbandsgemeinde,Birkenfeld
07135007,Beilstein,71355001,Cochem,Verbandsgemeinde,Cochem-Zell
07135012,Bremm,71355001,Cochem,Verbandsgemeinde,Cochem-Zell
07135015,Briedern,71355001,Cochem,Verbandsgemeinde,Cochem-Zell
07135017,Bruttig-Fankel,71355001,Cochem,Verbandsgemeinde,Cochem-Zell
07135020,Cochem,71355001,Cochem,Verbandsgemeinde,Cochem-Zell
07135021,Dohr,71355001,Cochem,Verbandsgemeinde,Cochem-Zell
07135024,Ediger-Eller,71355001,Cochem,Verbandsgemeinde,Cochem-Zell
07135025,Ellenz-Poltersdorf,71355001,Cochem,Verbandsgemeinde,Cochem-Zell
07135027,Ernst,71355001,Cochem,Verbandsgemeinde,Cochem-Zell
07135029,Faid,71355001,Cochem,Verbandsgemeinde,Cochem-Zell
07135036,Greimersburg,71355001,Cochem,Verbandsgemeinde,Cochem-Zell
07135049,Klotten,71355001,Cochem,Verbandsgemeinde,Cochem-Zell
07135053,Lieg,71355001,Cochem,Verbandsgemeinde,Cochem-Zell
07135056,Lütz,71355001,Cochem,Verbandsgemeinde,Cochem-Zell
07135060,Mesenich,71355001,Cochem,Verbandsgemeinde,Cochem-Zell
07135065,Moselkern,71355001,Cochem,Verbandsgemeinde,Cochem-Zell
07135066,Müden (Mosel),71355001,Cochem,Verbandsgemeinde,Cochem-Zell
07135069,Nehren,71355001,Cochem,Verbandsgemeinde,Cochem-Zell
07135072,Pommern,71355001,Cochem,Verbandsgemeinde,Cochem-Zell
07135079,Senheim,71355001,Cochem,Verbandsgemeinde,Cochem-Zell
07135082,Treis-Karden,71355001,Cochem,Verbandsgemeinde,Cochem-Zell
07135086,Valwig,71355001,Cochem,Verbandsgemeinde,Cochem-Zell
07135090,Wirfus,71355001,Cochem,Verbandsgemeinde,Cochem-Zell
07135009,Binningen,71355002,Kaisersesch,Verbandsgemeinde,Cochem-Zell
07135011,Brachtendorf,71355002,Kaisersesch,Verbandsgemeinde,Cochem-Zell
07135014,Brieden,71355002,Kaisersesch,Verbandsgemeinde,Cochem-Zell
07135016,Brohl,71355002,Kaisersesch,Verbandsgemeinde,Cochem-Zell
07135022,Dünfus,71355002,Kaisersesch,Verbandsgemeinde,Cochem-Zell
07135023,Düngenheim,71355002,Kaisersesch,Verbandsgemeinde,Cochem-Zell
07135026,Eppenberg,71355002,Kaisersesch,Verbandsgemeinde,Cochem-Zell
07135028,Eulgem,71355002,Kaisersesch,Verbandsgemeinde,Cochem-Zell
07135031,Forst (Eifel),71355002,Kaisersesch,Verbandsgemeinde,Cochem-Zell
07135033,Gamlen,71355002,Kaisersesch,Verbandsgemeinde,Cochem-Zell
07135038,Hambuch,71355002,Kaisersesch,Verbandsgemeinde,Cochem-Zell
07135040,Hauroth,71355002,Kaisersesch,Verbandsgemeinde,Cochem-Zell
07135042,Illerich,71355002,Kaisersesch,Verbandsgemeinde,Cochem-Zell
07135043,Kaifenheim,71355002,Kaisersesch,Verbandsgemeinde,Cochem-Zell
07135044,Kail,71355002,Kaisersesch,Verbandsgemeinde,Cochem-Zell
07135045,Kaisersesch,71355002,Kaisersesch,Verbandsgemeinde,Cochem-Zell
07135046,Kalenborn,71355002,Kaisersesch,Verbandsgemeinde,Cochem-Zell
07135051,Landkern,71355002,Kaisersesch,Verbandsgemeinde,Cochem-Zell
07135052,Laubach,71355002,Kaisersesch,Verbandsgemeinde,Cochem-Zell
07135058,Masburg,71355002,Kaisersesch,Verbandsgemeinde,Cochem-Zell
07135062,Möntenich,71355002,Kaisersesch,Verbandsgemeinde,Cochem-Zell
07135067,Müllenbach,71355002,Kaisersesch,Verbandsgemeinde,Cochem-Zell
07135075,Roes,71355002,Kaisersesch,Verbandsgemeinde,Cochem-Zell
07135084,Urmersbach,71355002,Kaisersesch,Verbandsgemeinde,Cochem-Zell
07135093,Zettingen,71355002,Kaisersesch,Verbandsgemeinde,Cochem-Zell
07135502,Leienkaul,71355002,Kaisersesch,Verbandsgemeinde,Cochem-Zell
07135002,Alflen,71355003,Ulmen,Verbandsgemeinde,Cochem-Zell
07135005,Auderath,71355003,Ulmen,Verbandsgemeinde,Cochem-Zell
07135008,Beuren,71355003,Ulmen,Verbandsgemeinde,Cochem-Zell
07135018,Büchel,71355003,Ulmen,Verbandsgemeinde,Cochem-Zell
07135030,Filz,71355003,Ulmen,Verbandsgemeinde,Cochem-Zell
07135034,Gevenich,71355003,Ulmen,Verbandsgemeinde,Cochem-Zell
07135035,Gillenbeuren,71355003,Ulmen,Verbandsgemeinde,Cochem-Zell
07135048,Kliding,71355003,Ulmen,Verbandsgemeinde,Cochem-Zell
07135057,Lutzerath,71355003,Ulmen,Verbandsgemeinde,Cochem-Zell
07135078,Schmitt,71355003,Ulmen,Verbandsgemeinde,Cochem-Zell
07135083,Ulmen,71355003,Ulmen,Verbandsgemeinde,Cochem-Zell
07135085,Urschmitt,71355003,Ulmen,Verbandsgemeinde,Cochem-Zell
07135087,Wagenhausen,71355003,Ulmen,Verbandsgemeinde,Cochem-Zell
07135089,Weiler,71355003,Ulmen,Verbandsgemeinde,Cochem-Zell
07135091,Wollmerath,71355003,Ulmen,Verbandsgemeinde,Cochem-Zell
07135501,Bad Bertrich,71355003,Ulmen,Verbandsgemeinde,Cochem-Zell
07135001,Alf,71355005,Zell (Mosel),Verbandsgemeinde,Cochem-Zell
07135003,Altlay,71355005,Zell (Mosel),Verbandsgemeinde,Cochem-Zell
07135004,Altstrimmig,71355005,Zell (Mosel),Verbandsgemeinde,Cochem-Zell
07135010,Blankenrath,71355005,Zell (Mosel),Verbandsgemeinde,Cochem-Zell
07135013,Briedel,71355005,Zell (Mosel),Verbandsgemeinde,Cochem-Zell
07135019,Bullay,71355005,Zell (Mosel),Verbandsgemeinde,Cochem-Zell
07135032,Forst (Hunsrück),71355005,Zell (Mosel),Verbandsgemeinde,Cochem-Zell
07135037,Grenderich,71355005,Zell (Mosel),Verbandsgemeinde,Cochem-Zell
07135039,Haserich,71355005,Zell (Mosel),Verbandsgemeinde,Cochem-Zell
07135041,Hesweiler,71355005,Zell (Mosel),Verbandsgemeinde,Cochem-Zell
07135054,Liesenich,71355005,Zell (Mosel),Verbandsgemeinde,Cochem-Zell
07135061,Mittelstrimmig,71355005,Zell (Mosel),Verbandsgemeinde,Cochem-Zell
07135064,Moritzheim,71355005,Zell (Mosel),Verbandsgemeinde,Cochem-Zell
07135068,Neef,71355005,Zell (Mosel),Verbandsgemeinde,Cochem-Zell
07135070,Panzweiler,71355005,Zell (Mosel),Verbandsgemeinde,Cochem-Zell
07135071,Peterswald-Löffelscheid,71355005,Zell (Mosel),Verbandsgemeinde,Cochem-Zell
07135073,Pünderich,71355005,Zell (Mosel),Verbandsgemeinde,Cochem-Zell
07135074,Reidenhausen,71355005,Zell (Mosel),Verbandsgemeinde,Cochem-Zell
07135076,Sankt Aldegund,71355005,Zell (Mosel),Verbandsgemeinde,Cochem-Zell
07135077,Schauren,71355005,Zell (Mosel),Verbandsgemeinde,Cochem-Zell
07135080,Sosberg,71355005,Zell (Mosel),Verbandsgemeinde,Cochem-Zell
07135081,Tellig,71355005,Zell (Mosel),Verbandsgemeinde,Cochem-Zell
07135088,Walhausen,71355005,Zell (Mosel),Verbandsgemeinde,Cochem-Zell
07135092,Zell (Mosel),71355005,Zell (Mosel),Verbandsgemeinde,Cochem-Zell
07137003,Andernach,71370003,Andernach,Verbandsfreie Gemeinde,Mayen-Koblenz
07137068,Mayen,71370068,Mayen,Verbandsfreie Gemeinde,Mayen-Koblenz
07137203,Bendorf,71370203,Bendorf,Verbandsfreie Gemeinde,Mayen-Koblenz
07137056,Kretz,71375001,Pellenz,Verbandsgemeinde,Mayen-Koblenz
07137057,Kruft,71375001,Pellenz,Verbandsgemeinde,Mayen-Koblenz
07137081,Nickenich,71375001,Pellenz,Verbandsgemeinde,Mayen-Koblenz
07137088,Plaidt,71375001,Pellenz,Verbandsgemeinde,Mayen-Koblenz
07137096,Saffig,71375001,Pellenz,Verbandsgemeinde,Mayen-Koblenz
07137023,Einig,71375002,Maifeld,Verbandsgemeinde,Mayen-Koblenz
07137027,Gappenach,71375002,Maifeld,Verbandsgemeinde,Mayen-Koblenz
07137029,Gering,71375002,Maifeld,Verbandsgemeinde,Mayen-Koblenz
07137030,Gierschnach,71375002,Maifeld,Verbandsgemeinde,Mayen-Koblenz
07137041,Kalt,71375002,Maifeld,Verbandsgemeinde,Mayen-Koblenz
07137048,Kerben,71375002,Maifeld,Verbandsgemeinde,Mayen-Koblenz
07137053,Kollig,71375002,Maifeld,Verbandsgemeinde,Mayen-Koblenz
07137065,Lonnig,71375002,Maifeld,Verbandsgemeinde,Mayen-Koblenz
07137070,Mertloch,71375002,Maifeld,Verbandsgemeinde,Mayen-Koblenz
07137080,Naunheim,71375002,Maifeld,Verbandsgemeinde,Mayen-Koblenz
07137086,Ochtendung,71375002,Maifeld,Verbandsgemeinde,Mayen-Koblenz
07137087,Pillig,71375002,Maifeld,Verbandsgemeinde,Mayen-Koblenz
07137089,Polch,71375002,Maifeld,Verbandsgemeinde,Mayen-Koblenz
07137095,Rüber,71375002,Maifeld,Verbandsgemeinde,Mayen-Koblenz
07137102,Trimbs,71375002,Maifeld,Verbandsgemeinde,Mayen-Koblenz
07137112,Welling,71375002,Maifeld,Verbandsgemeinde,Mayen-Koblenz
07137114,Wierschem,71375002,Maifeld,Verbandsgemeinde,Mayen-Koblenz
07137501,Münstermaifeld,71375002,Maifeld,Verbandsgemeinde,Mayen-Koblenz
07137001,Acht,71375003,Vordereifel,Verbandsgemeinde,Mayen-Koblenz
07137004,Anschau,71375003,Vordereifel,Verbandsgemeinde,Mayen-Koblenz
07137006,Arft,71375003,Vordereifel,Verbandsgemeinde,Mayen-Koblenz
07137007,Baar,71375003,Vordereifel,Verbandsgemeinde,Mayen-Koblenz
07137011,Bermel,71375003,Vordereifel,Verbandsgemeinde,Mayen-Koblenz
07137014,Boos,71375003,Vordereifel,Verbandsgemeinde,Mayen-Koblenz
07137019,Ditscheid,71375003,Vordereifel,Verbandsgemeinde,Mayen-Koblenz
07137025,Ettringen,71375003,Vordereifel,Verbandsgemeinde,Mayen-Koblenz
07137034,Hausten,71375003,Vordereifel,Verbandsgemeinde,Mayen-Koblenz
07137035,Herresbach,71375003,Vordereifel,Verbandsgemeinde,Mayen-Koblenz
07137036,Hirten,71375003,Vordereifel,Verbandsgemeinde,Mayen-Koblenz
07137043,Kehrig,71375003,Vordereifel,Verbandsgemeinde,Mayen-Koblenz
07137049,Kirchwald,71375003,Vordereifel,Verbandsgemeinde,Mayen-Koblenz
07137055,Kottenheim,71375003,Vordereifel,Verbandsgemeinde,Mayen-Koblenz
07137060,Langenfeld,71375003,Vordereifel,Verbandsgemeinde,Mayen-Koblenz
07137061,Langscheid,71375003,Vordereifel,Verbandsgemeinde,Mayen-Koblenz
07137063,Lind,71375003,Vordereifel,Verbandsgemeinde,Mayen-Koblenz
07137066,Luxem,71375003,Vordereifel,Verbandsgemeinde,Mayen-Koblenz
07137074,Monreal,71375003,Vordereifel,Verbandsgemeinde,Mayen-Koblenz
07137077,Münk,71375003,Vordereifel,Verbandsgemeinde,Mayen-Koblenz
07137079,Nachtsheim,71375003,Vordereifel,Verbandsgemeinde,Mayen-Koblenz
07137092,Reudelsterz,71375003,Vordereifel,Verbandsgemeinde,Mayen-Koblenz
07137097,Sankt Johann,71375003,Vordereifel,Verbandsgemeinde,Mayen-Koblenz
07137099,Siebenbach,71375003,Vordereifel,Verbandsgemeinde,Mayen-Koblenz
07137105,Virneburg,71375003,Vordereifel,Verbandsgemeinde,Mayen-Koblenz
07137110,Weiler,71375003,Vordereifel,Verbandsgemeinde,Mayen-Koblenz
07137113,Welschenbach,71375003,Vordereifel,Verbandsgemeinde,Mayen-Koblenz
07137008,Bell,71375004,Mendig,Verbandsgemeinde,Mayen-Koblenz
07137069,Mendig,71375004,Mendig,Verbandsgemeinde,Mayen-Koblenz
07137093,Rieden,71375004,Mendig,Verbandsgemeinde,Mayen-Koblenz
07137101,Thür,71375004,Mendig,Verbandsgemeinde,Mayen-Koblenz
07137106,Volkesfeld,71375004,Mendig,Verbandsgemeinde,Mayen-Koblenz
07137218,Niederwerth,71375007,Vallendar,Verbandsgemeinde,Mayen-Koblenz
07137224,Urbar,71375007,Vallendar,Verbandsgemeinde,Mayen-Koblenz
07137226,Vallendar,71375007,Vallendar,Verbandsgemeinde,Mayen-Koblenz
07137229,Weitersburg,71375007,Vallendar,Verbandsgemeinde,Mayen-Koblenz
07137202,Bassenheim,71375008,Weißenthurm,Verbandsgemeinde,Mayen-Koblenz
07137209,Kaltenengers,71375008,Weißenthurm,Verbandsgemeinde,Mayen-Koblenz
07137211,Kettig,71375008,Weißenthurm,Verbandsgemeinde,Mayen-Koblenz
07137216,Mülheim-Kärlich,71375008,Weißenthurm,Verbandsgemeinde,Mayen-Koblenz
07137222,Sankt Sebastian,71375008,Weißenthurm,Verbandsgemeinde,Mayen-Koblenz
07137225,Urmitz,71375008,Weißenthurm,Verbandsgemeinde,Mayen-Koblenz
07137228,Weißenthurm,71375008,Weißenthurm,Verbandsgemeinde,Mayen-Koblenz
07137201,Alken,71375009,Rhein-Mosel,Verbandsgemeinde,Mayen-Koblenz
07137204,Brey,71375009,Rhein-Mosel,Verbandsgemeinde,Mayen-Koblenz
07137205,Brodenbach,71375009,Rhein-Mosel,Verbandsgemeinde,Mayen-Koblenz
07137206,Burgen,71375009,Rhein-Mosel,Verbandsgemeinde,Mayen-Koblenz
07137207,Dieblich,71375009,Rhein-Mosel,Verbandsgemeinde,Mayen-Koblenz
07137208,Hatzenport,71375009,Rhein-Mosel,Verbandsgemeinde,Mayen-Koblenz
07137212,Kobern-Gondorf,71375009,Rhein-Mosel,Verbandsgemeinde,Mayen-Koblenz
07137214,Löf,71375009,Rhein-Mosel,Verbandsgemeinde,Mayen-Koblenz
07137215,Macken,71375009,Rhein-Mosel,Verbandsgemeinde,Mayen-Koblenz
07137217,Niederfell,71375009,Rhein-Mosel,Verbandsgemeinde,Mayen-Koblenz
07137219,Nörtershausen,71375009,Rhein-Mosel,Verbandsgemeinde,Mayen-Koblenz
07137220,Oberfell,71375009,Rhein-Mosel,Verbandsgemeinde,Mayen-Koblenz
07137221,Rhens,71375009,Rhein-Mosel,Verbandsgemeinde,Mayen-Koblenz
07137223,Spay,71375009,Rhein-Mosel,Verbandsgemeinde,Mayen-Koblenz
07137227,Waldesch,71375009,Rhein-Mosel,Verbandsgemeinde,Mayen-Koblenz
07137230,Winningen,71375009,Rhein-Mosel,Verbandsgemeinde,Mayen-Koblenz
07137231,Wolken,71375009,Rhein-Mosel,Verbandsgemeinde,Mayen-Koblenz
07137504,Lehmen,71375009,Rhein-Mosel,Verbandsgemeinde,Mayen-Koblenz
07138045,Neuwied,71380045,Neuwied,Verbandsfreie Gemeinde,Neuwied
07138003,Asbach,71385001,Asbach,Verbandsgemeinde,Neuwied
07138044,Neustadt (Wied),71385001,Asbach,Verbandsgemeinde,Neuwied
07138077,Windhagen,71385001,Asbach,Verbandsgemeinde,Neuwied
07138080,Buchholz (Westerwald),71385001,Asbach,Verbandsgemeinde,Neuwied
07138004,Bad Hönningen,71385002,Bad Hönningen,Verbandsgemeinde,Neuwied
07138024,Hammerstein,71385002,Bad Hönningen,Verbandsgemeinde,Neuwied
07138038,Leutesdorf,71385002,Bad Hönningen,Verbandsgemeinde,Neuwied
07138063,Rheinbrohl,71385002,Bad Hönningen,Verbandsgemeinde,Neuwied
07138012,Dierdorf,71385003,Dierdorf,Verbandsgemeinde,Neuwied
07138023,Großmaischeid,71385003,Dierdorf,Verbandsgemeinde,Neuwied
07138031,Isenburg,71385003,Dierdorf,Verbandsgemeinde,Neuwied
07138034,Kleinmaischeid,71385003,Dierdorf,Verbandsgemeinde,Neuwied
07138069,Stebach,71385003,Dierdorf,Verbandsgemeinde,Neuwied
07138201,Marienhausen,71385003,Dierdorf,Verbandsgemeinde,Neuwied
07138009,Dattenberg,71385004,Linz am Rhein,Verbandsgemeinde,Neuwied
07138037,Leubsdorf,71385004,Linz am Rhein,Verbandsgemeinde,Neuwied
07138041,Linz am Rhein,71385004,Linz am Rhein,Verbandsgemeinde,Neuwied
07138055,Ockenfels,71385004,Linz am Rhein,Verbandsgemeinde,Neuwied
07138068,Sankt Katharinen (Landkreis Neuwied),71385004,Linz am Rhein,Verbandsgemeinde,Neuwied
07138075,Vettelschoß,71385004,Linz am Rhein,Verbandsgemeinde,Neuwied
07138501,Kasbach-Ohlenberg,71385004,Linz am Rhein,Verbandsgemeinde,Neuwied
07138011,Dernbach,71385005,Puderbach,Verbandsgemeinde,Neuwied
07138013,Döttesfeld,71385005,Puderbach,Verbandsgemeinde,Neuwied
07138014,Dürrholz,71385005,Puderbach,Verbandsgemeinde,Neuwied
07138025,Hanroth,71385005,Puderbach,Verbandsgemeinde,Neuwied
07138027,Harschbach,71385005,Puderbach,Verbandsgemeinde,Neuwied
07138040,Linkenbach,71385005,Puderbach,Verbandsgemeinde,Neuwied
07138048,Niederhofen,71385005,Puderbach,Verbandsgemeinde,Neuwied
07138050,Niederwambach,71385005,Puderbach,Verbandsgemeinde,Neuwied
07138052,Oberdreis,71385005,Puderbach,Verbandsgemeinde,Neuwied
07138057,Puderbach,71385005,Puderbach,Verbandsgemeinde,Neuwied
07138058,Ratzert,71385005,Puderbach,Verbandsgemeinde,Neuwied
07138059,Raubach,71385005,Puderbach,Verbandsgemeinde,Neuwied
07138064,Rodenbach bei Puderbach,71385005,Puderbach,Verbandsgemeinde,Neuwied
07138070,Steimel,71385005,Puderbach,Verbandsgemeinde,Neuwied
07138074,Urbach,71385005,Puderbach,Verbandsgemeinde,Neuwied
07138078,Woldert,71385005,Puderbach,Verbandsgemeinde,Neuwied
07138008,Bruchhausen,71385007,Unkel,Verbandsgemeinde,Neuwied
07138019,Erpel,71385007,Unkel,Verbandsgemeinde,Neuwied
07138062,Rheinbreitbach,71385007,Unkel,Verbandsgemeinde,Neuwied
07138073,Unkel,71385007,Unkel,Verbandsgemeinde,Neuwied
07138002,Anhausen,71385009,Rengsdorf-Waldbreitbach,Verbandsgemeinde,Neuwied
07138005,Bonefeld,71385009,Rengsdorf-Waldbreitbach,Verbandsgemeinde,Neuwied
07138006,Breitscheid,71385009,Rengsdorf-Waldbreitbach,Verbandsgemeinde,Neuwied
07138007,Hausen (Wied),71385009,Rengsdorf-Waldbreitbach,Verbandsgemeinde,Neuwied
07138010,Datzeroth,71385009,Rengsdorf-Waldbreitbach,Verbandsgemeinde,Neuwied
07138015,Ehlscheid,71385009,Rengsdorf-Waldbreitbach,Verbandsgemeinde,Neuwied
07138026,Hardert,71385009,Rengsdorf-Waldbreitbach,Verbandsgemeinde,Neuwied
07138030,Hümmerich,71385009,Rengsdorf-Waldbreitbach,Verbandsgemeinde,Neuwied
07138036,Kurtscheid,71385009,Rengsdorf-Waldbreitbach,Verbandsgemeinde,Neuwied
07138042,Meinborn,71385009,Rengsdorf-Waldbreitbach,Verbandsgemeinde,Neuwied
07138043,Melsbach,71385009,Rengsdorf-Waldbreitbach,Verbandsgemeinde,Neuwied
07138047,Niederbreitbach,71385009,Rengsdorf-Waldbreitbach,Verbandsgemeinde,Neuwied
07138053,Oberhonnefeld-Gierend,71385009,Rengsdorf-Waldbreitbach,Verbandsgemeinde,Neuwied
07138054,Oberraden,71385009,Rengsdorf-Waldbreitbach,Verbandsgemeinde,Neuwied
07138061,Rengsdorf,71385009,Rengsdorf-Waldbreitbach,Verbandsgemeinde,Neuwied
07138065,Roßbach,71385009,Rengsdorf-Waldbreitbach,Verbandsgemeinde,Neuwied
07138066,Rüscheid,71385009,Rengsdorf-Waldbreitbach,Verbandsgemeinde,Neuwied
07138071,Straßenhaus,71385009,Rengsdorf-Waldbreitbach,Verbandsgemeinde,Neuwied
07138072,Thalhausen,71385009,Rengsdorf-Waldbreitbach,Verbandsgemeinde,Neuwied
07138076,Waldbreitbach,71385009,Rengsdorf-Waldbreitbach,Verbandsgemeinde,Neuwied
07140501,Boppard,71400501,Boppard,Verbandsfreie Gemeinde,Rhein-Hunsrück-Kreis
07140001,Alterkülz,71405003,Kastellaun,Verbandsgemeinde,Rhein-Hunsrück-Kreis
07140009,Bell (Hunsrück),71405003,Kastellaun,Verbandsgemeinde,Rhein-Hunsrück-Kreis
07140010,Beltheim,71405003,Kastellaun,Verbandsgemeinde,Rhein-Hunsrück-Kreis
07140018,Braunshorn,71405003,Kastellaun,Verbandsgemeinde,Rhein-Hunsrück-Kreis
07140021,Buch,71405003,Kastellaun,Verbandsgemeinde,Rhein-Hunsrück-Kreis
07140042,Gödenroth,71405003,Kastellaun,Verbandsgemeinde,Rhein-Hunsrück-Kreis
07140046,Hasselbach,71405003,Kastellaun,Verbandsgemeinde,Rhein-Hunsrück-Kreis
07140055,Hollnich,71405003,Kastellaun,Verbandsgemeinde,Rhein-Hunsrück-Kreis
07140064,Kastellaun,71405003,Kastellaun,Verbandsgemeinde,Rhein-Hunsrück-Kreis
07140073,Korweiler,71405003,Kastellaun,Verbandsgemeinde,Rhein-Hunsrück-Kreis
07140095,Michelbach,71405003,Kastellaun,Verbandsgemeinde,Rhein-Hunsrück-Kreis
07140131,Roth,71405003,Kastellaun,Verbandsgemeinde,Rhein-Hunsrück-Kreis
07140147,Spesenroth,71405003,Kastellaun,Verbandsgemeinde,Rhein-Hunsrück-Kreis
07140153,Uhler,71405003,Kastellaun,Verbandsgemeinde,Rhein-Hunsrück-Kreis
07140202,Dommershausen,71405003,Kastellaun,Verbandsgemeinde,Rhein-Hunsrück-Kreis
07140204,Mastershausen,71405003,Kastellaun,Verbandsgemeinde,Rhein-Hunsrück-Kreis
07140502,Lahr,71405003,Kastellaun,Verbandsgemeinde,Rhein-Hunsrück-Kreis
07140503,Mörsdorf,71405003,Kastellaun,Verbandsgemeinde,Rhein-Hunsrück-Kreis
07140504,Zilshausen,71405003,Kastellaun,Verbandsgemeinde,Rhein-Hunsrück-Kreis
07140006,Bärenbach,71405004,Kirchberg (Hunsrück),Verbandsgemeinde,Rhein-Hunsrück-Kreis
07140007,Belg,71405004,Kirchberg (Hunsrück),Verbandsgemeinde,Rhein-Hunsrück-Kreis
07140024,Büchenbeuren,71405004,Kirchberg (Hunsrück),Verbandsgemeinde,Rhein-Hunsrück-Kreis
07140028,Dickenschied,71405004,Kirchberg (Hunsrück),Verbandsgemeinde,Rhein-Hunsrück-Kreis
07140029,Dill,71405004,Kirchberg (Hunsrück),Verbandsgemeinde,Rhein-Hunsrück-Kreis
07140030,Dillendorf,71405004,Kirchberg (Hunsrück),Verbandsgemeinde,Rhein-Hunsrück-Kreis
07140040,Gehlweiler,71405004,Kirchberg (Hunsrück),Verbandsgemeinde,Rhein-Hunsrück-Kreis
07140041,Gemünden,71405004,Kirchberg (Hunsrück),Verbandsgemeinde,Rhein-Hunsrück-Kreis
07140044,Hahn,71405004,Kirchberg (Hunsrück),Verbandsgemeinde,Rhein-Hunsrück-Kreis
07140048,Hecken,71405004,Kirchberg (Hunsrück),Verbandsgemeinde,Rhein-Hunsrück-Kreis
07140049,Heinzenbach,71405004,Kirchberg (Hunsrück),Verbandsgemeinde,Rhein-Hunsrück-Kreis
07140050,Henau,71405004,Kirchberg (Hunsrück),Verbandsgemeinde,Rhein-Hunsrück-Kreis
07140053,Hirschfeld (Hunsrück),71405004,Kirchberg (Hunsrück),Verbandsgemeinde,Rhein-Hunsrück-Kreis
07140062,Kappel,71405004,Kirchberg (Hunsrück),Verbandsgemeinde,Rhein-Hunsrück-Kreis
07140067,Kirchberg (Hunsrück),71405004,Kirchberg (Hunsrück),Verbandsgemeinde,Rhein-Hunsrück-Kreis
07140071,Kludenbach,71405004,Kirchberg (Hunsrück),Verbandsgemeinde,Rhein-Hunsrück-Kreis
07140081,Laufersweiler,71405004,Kirchberg (Hunsrück),Verbandsgemeinde,Rhein-Hunsrück-Kreis
07140082,Lautzenhausen,71405004,Kirchberg (Hunsrück),Verbandsgemeinde,Rhein-Hunsrück-Kreis
07140086,Lindenschied,71405004,Kirchberg (Hunsrück),Verbandsgemeinde,Rhein-Hunsrück-Kreis
07140090,Maitzborn,71405004,Kirchberg (Hunsrück),Verbandsgemeinde,Rhein-Hunsrück-Kreis
07140094,Metzenhausen,71405004,Kirchberg (Hunsrück),Verbandsgemeinde,Rhein-Hunsrück-Kreis
07140105,Nieder Kostenz,71405004,Kirchberg (Hunsrück),Verbandsgemeinde,Rhein-Hunsrück-Kreis
07140107,Niedersohren,71405004,Kirchberg (Hunsrück),Verbandsgemeinde,Rhein-Hunsrück-Kreis
07140109,Niederweiler,71405004,Kirchberg (Hunsrück),Verbandsgemeinde,Rhein-Hunsrück-Kreis
07140111,Ober Kostenz,71405004,Kirchberg (Hunsrück),Verbandsgemeinde,Rhein-Hunsrück-Kreis
07140120,Raversbeuren,71405004,Kirchberg (Hunsrück),Verbandsgemeinde,Rhein-Hunsrück-Kreis
07140122,Reckershausen,71405004,Kirchberg (Hunsrück),Verbandsgemeinde,Rhein-Hunsrück-Kreis
07140128,Rödelhausen,71405004,Kirchberg (Hunsrück),Verbandsgemeinde,Rhein-Hunsrück-Kreis
07140129,Rödern,71405004,Kirchberg (Hunsrück),Verbandsgemeinde,Rhein-Hunsrück-Kreis
07140130,Rohrbach,71405004,Kirchberg (Hunsrück),Verbandsgemeinde,Rhein-Hunsrück-Kreis
07140135,Schlierschied,71405004,Kirchberg (Hunsrück),Verbandsgemeinde,Rhein-Hunsrück-Kreis
07140141,Schwarzen,71405004,Kirchberg (Hunsrück),Verbandsgemeinde,Rhein-Hunsrück-Kreis
07140145,Sohren,71405004,Kirchberg (Hunsrück),Verbandsgemeinde,Rhein-Hunsrück-Kreis
07140146,Sohrschied,71405004,Kirchberg (Hunsrück),Verbandsgemeinde,Rhein-Hunsrück-Kreis
07140151,Todenroth,71405004,Kirchberg (Hunsrück),Verbandsgemeinde,Rhein-Hunsrück-Kreis
07140154,Unzenberg,71405004,Kirchberg (Hunsrück),Verbandsgemeinde,Rhein-Hunsrück-Kreis
07140159,Wahlenau,71405004,Kirchberg (Hunsrück),Verbandsgemeinde,Rhein-Hunsrück-Kreis
07140163,Womrath,71405004,Kirchberg (Hunsrück),Verbandsgemeinde,Rhein-Hunsrück-Kreis
07140164,Woppenroth,71405004,Kirchberg (Hunsrück),Verbandsgemeinde,Rhein-Hunsrück-Kreis
07140165,Würrich,71405004,Kirchberg (Hunsrück),Verbandsgemeinde,Rhein-Hunsrück-Kreis
07140002,Altweidelbach,71405008,Simmern-Rheinböllen,Verbandsgemeinde,Rhein-Hunsrück-Kreis
07140003,Argenthal,71405008,Simmern-Rheinböllen,Verbandsgemeinde,Rhein-Hunsrück-Kreis
07140008,Belgweiler,71405008,Simmern-Rheinböllen,Verbandsgemeinde,Rhein-Hunsrück-Kreis
07140011,Benzweiler,71405008,Simmern-Rheinböllen,Verbandsgemeinde,Rhein-Hunsrück-Kreis
07140012,Bergenhausen,71405008,Simmern-Rheinböllen,Verbandsgemeinde,Rhein-Hunsrück-Kreis
07140015,Biebern,71405008,Simmern-Rheinböllen,Verbandsgemeinde,Rhein-Hunsrück-Kreis
07140020,Bubach,71405008,Simmern-Rheinböllen,Verbandsgemeinde,Rhein-Hunsrück-Kreis
07140023,Budenbach,71405008,Simmern-Rheinböllen,Verbandsgemeinde,Rhein-Hunsrück-Kreis
07140027,Dichtelbach,71405008,Simmern-Rheinböllen,Verbandsgemeinde,Rhein-Hunsrück-Kreis
07140035,Ellern (Hunsrück),71405008,Simmern-Rheinböllen,Verbandsgemeinde,Rhein-Hunsrück-Kreis
07140037,Erbach,71405008,Simmern-Rheinböllen,Verbandsgemeinde,Rhein-Hunsrück-Kreis
07140039,Fronhofen,71405008,Simmern-Rheinböllen,Verbandsgemeinde,Rhein-Hunsrück-Kreis
07140056,Holzbach,71405008,Simmern-Rheinböllen,Verbandsgemeinde,Rhein-Hunsrück-Kreis
07140058,Horn,71405008,Simmern-Rheinböllen,Verbandsgemeinde,Rhein-Hunsrück-Kreis
07140065,Keidelheim,71405008,Simmern-Rheinböllen,Verbandsgemeinde,Rhein-Hunsrück-Kreis
07140068,Kisselbach,71405008,Simmern-Rheinböllen,Verbandsgemeinde,Rhein-Hunsrück-Kreis
07140070,Klosterkumbd,71405008,Simmern-Rheinböllen,Verbandsgemeinde,Rhein-Hunsrück-Kreis
07140076,Külz (Hunsrück),71405008,Simmern-Rheinböllen,Verbandsgemeinde,Rhein-Hunsrück-Kreis
07140077,Kümbdchen,71405008,Simmern-Rheinböllen,Verbandsgemeinde,Rhein-Hunsrück-Kreis
07140079,Laubach,71405008,Simmern-Rheinböllen,Verbandsgemeinde,Rhein-Hunsrück-Kreis
07140085,Liebshausen,71405008,Simmern-Rheinböllen,Verbandsgemeinde,Rhein-Hunsrück-Kreis
07140092,Mengerschied,71405008,Simmern-Rheinböllen,Verbandsgemeinde,Rhein-Hunsrück-Kreis
07140096,Mörschbach,71405008,Simmern-Rheinböllen,Verbandsgemeinde,Rhein-Hunsrück-Kreis
07140099,Mutterschied,71405008,Simmern-Rheinböllen,Verbandsgemeinde,Rhein-Hunsrück-Kreis
07140100,Nannhausen,71405008,Simmern-Rheinböllen,Verbandsgemeinde,Rhein-Hunsrück-Kreis
07140101,Neuerkirch,71405008,Simmern-Rheinböllen,Verbandsgemeinde,Rhein-Hunsrück-Kreis
07140106,Niederkumbd,71405008,Simmern-Rheinböllen,Verbandsgemeinde,Rhein-Hunsrück-Kreis
07140113,Ohlweiler,71405008,Simmern-Rheinböllen,Verbandsgemeinde,Rhein-Hunsrück-Kreis
07140115,Oppertshausen,71405008,Simmern-Rheinböllen,Verbandsgemeinde,Rhein-Hunsrück-Kreis
07140118,Pleizenhausen,71405008,Simmern-Rheinböllen,Verbandsgemeinde,Rhein-Hunsrück-Kreis
07140119,Ravengiersburg,71405008,Simmern-Rheinböllen,Verbandsgemeinde,Rhein-Hunsrück-Kreis
07140121,Rayerschied,71405008,Simmern-Rheinböllen,Verbandsgemeinde,Rhein-Hunsrück-Kreis
07140123,Reich,71405008,Simmern-Rheinböllen,Verbandsgemeinde,Rhein-Hunsrück-Kreis
07140125,Rheinböllen,71405008,Simmern-Rheinböllen,Verbandsgemeinde,Rhein-Hunsrück-Kreis
07140126,Riegenroth,71405008,Simmern-Rheinböllen,Verbandsgemeinde,Rhein-Hunsrück-Kreis
07140127,Riesweiler,71405008,Simmern-Rheinböllen,Verbandsgemeinde,Rhein-Hunsrück-Kreis
07140134,Sargenroth,71405008,Simmern-Rheinböllen,Verbandsgemeinde,Rhein-Hunsrück-Kreis
07140138,Schnorbach,71405008,Simmern-Rheinböllen,Verbandsgemeinde,Rhein-Hunsrück-Kreis
07140139,Schönborn,71405008,Simmern-Rheinböllen,Verbandsgemeinde,Rhein-Hunsrück-Kreis
07140144,Simmern/Hunsrück,71405008,Simmern-Rheinböllen,Verbandsgemeinde,Rhein-Hunsrück-Kreis
07140148,Steinbach,71405008,Simmern-Rheinböllen,Verbandsgemeinde,Rhein-Hunsrück-Kreis
07140150,Tiefenbach,71405008,Simmern-Rheinböllen,Verbandsgemeinde,Rhein-Hunsrück-Kreis
07140158,Wahlbach,71405008,Simmern-Rheinböllen,Verbandsgemeinde,Rhein-Hunsrück-Kreis
07140166,Wüschheim,71405008,Simmern-Rheinböllen,Verbandsgemeinde,Rhein-Hunsrück-Kreis
07140005,Badenhard,71405009,Hunsrück-Mittelrhein,Verbandsgemeinde,Rhein-Hunsrück-Kreis
07140014,Bickenbach,71405009,Hunsrück-Mittelrhein,Verbandsgemeinde,Rhein-Hunsrück-Kreis
07140016,Birkheim,71405009,Hunsrück-Mittelrhein,Verbandsgemeinde,Rhein-Hunsrück-Kreis
07140025,Damscheid,71405009,Hunsrück-Mittelrhein,Verbandsgemeinde,Rhein-Hunsrück-Kreis
07140031,Dörth,71405009,Hunsrück-Mittelrhein,Verbandsgemeinde,Rhein-Hunsrück-Kreis
07140036,Emmelshausen,71405009,Hunsrück-Mittelrhein,Verbandsgemeinde,Rhein-Hunsrück-Kreis
07140043,Gondershausen,71405009,Hunsrück-Mittelrhein,Verbandsgemeinde,Rhein-Hunsrück-Kreis
07140045,Halsenbach,71405009,Hunsrück-Mittelrhein,Verbandsgemeinde,Rhein-Hunsrück-Kreis
07140047,Hausbay,71405009,Hunsrück-Mittelrhein,Verbandsgemeinde,Rhein-Hunsrück-Kreis
07140060,Hungenroth,71405009,Hunsrück-Mittelrhein,Verbandsgemeinde,Rhein-Hunsrück-Kreis
07140063,Karbach,71405009,Hunsrück-Mittelrhein,Verbandsgemeinde,Rhein-Hunsrück-Kreis
07140075,Kratzenburg,71405009,Hunsrück-Mittelrhein,Verbandsgemeinde,Rhein-Hunsrück-Kreis
07140080,Laudert,71405009,Hunsrück-Mittelrhein,Verbandsgemeinde,Rhein-Hunsrück-Kreis
07140084,Leiningen,71405009,Hunsrück-Mittelrhein,Verbandsgemeinde,Rhein-Hunsrück-Kreis
07140087,Lingerhahn,71405009,Hunsrück-Mittelrhein,Verbandsgemeinde,Rhein-Hunsrück-Kreis
07140089,Maisborn,71405009,Hunsrück-Mittelrhein,Verbandsgemeinde,Rhein-Hunsrück-Kreis
07140093,Mermuth,71405009,Hunsrück-Mittelrhein,Verbandsgemeinde,Rhein-Hunsrück-Kreis
07140098,Mühlpfad,71405009,Hunsrück-Mittelrhein,Verbandsgemeinde,Rhein-Hunsrück-Kreis
07140102,Ney,71405009,Hunsrück-Mittelrhein,Verbandsgemeinde,Rhein-Hunsrück-Kreis
07140104,Niederburg,71405009,Hunsrück-Mittelrhein,Verbandsgemeinde,Rhein-Hunsrück-Kreis
07140108,Niedert,71405009,Hunsrück-Mittelrhein,Verbandsgemeinde,Rhein-Hunsrück-Kreis
07140110,Norath,71405009,Hunsrück-Mittelrhein,Verbandsgemeinde,Rhein-Hunsrück-Kreis
07140112,Oberwesel,71405009,Hunsrück-Mittelrhein,Verbandsgemeinde,Rhein-Hunsrück-Kreis
07140116,Perscheid,71405009,Hunsrück-Mittelrhein,Verbandsgemeinde,Rhein-Hunsrück-Kreis
07140117,Pfalzfeld,71405009,Hunsrück-Mittelrhein,Verbandsgemeinde,Rhein-Hunsrück-Kreis
07140133,Sankt Goar,71405009,Hunsrück-Mittelrhein,Verbandsgemeinde,Rhein-Hunsrück-Kreis
07140140,Schwall,71405009,Hunsrück-Mittelrhein,Verbandsgemeinde,Rhein-Hunsrück-Kreis
07140149,Thörlingen,71405009,Hunsrück-Mittelrhein,Verbandsgemeinde,Rhein-Hunsrück-Kreis
07140155,Urbar,71405009,Hunsrück-Mittelrhein,Verbandsgemeinde,Rhein-Hunsrück-Kreis
07140156,Utzenhain,71405009,Hunsrück-Mittelrhein,Verbandsgemeinde,Rhein-Hunsrück-Kreis
07140161,Wiebelsheim,71405009,Hunsrück-Mittelrhein,Verbandsgemeinde,Rhein-Hunsrück-Kreis
07140201,Beulich,71405009,Hunsrück-Mittelrhein,Verbandsgemeinde,Rhein-Hunsrück-Kreis
07140205,Morshausen,71405009,Hunsrück-Mittelrhein,Verbandsgemeinde,Rhein-Hunsrück-Kreis
07141075,Lahnstein,71410075,Lahnstein,Verbandsfreie Gemeinde,Rhein-Lahn-Kreis
07141002,Altendiez,71415003,Diez,Verbandsgemeinde,Rhein-Lahn-Kreis
07141005,Aull,71415003,Diez,Verbandsgemeinde,Rhein-Lahn-Kreis
07141014,Birlenbach,71415003,Diez,Verbandsgemeinde,Rhein-Lahn-Kreis
07141021,Charlottenberg,71415003,Diez,Verbandsgemeinde,Rhein-Lahn-Kreis
07141022,Cramberg,71415003,Diez,Verbandsgemeinde,Rhein-Lahn-Kreis
07141029,Diez,71415003,Diez,Verbandsgemeinde,Rhein-Lahn-Kreis
07141030,Dörnberg,71415003,Diez,Verbandsgemeinde,Rhein-Lahn-Kreis
07141038,Eppenrod,71415003,Diez,Verbandsgemeinde,Rhein-Lahn-Kreis
07141045,Geilnau,71415003,Diez,Verbandsgemeinde,Rhein-Lahn-Kreis
07141049,Gückingen,71415003,Diez,Verbandsgemeinde,Rhein-Lahn-Kreis
07141052,Hambach,71415003,Diez,Verbandsgemeinde,Rhein-Lahn-Kreis
07141053,Heistenbach,71415003,Diez,Verbandsgemeinde,Rhein-Lahn-Kreis
07141057,Hirschberg,71415003,Diez,Verbandsgemeinde,Rhein-Lahn-Kreis
07141059,Holzappel,71415003,Diez,Verbandsgemeinde,Rhein-Lahn-Kreis
07141061,Holzheim,71415003,Diez,Verbandsgemeinde,Rhein-Lahn-Kreis
07141062,Horhausen,71415003,Diez,Verbandsgemeinde,Rhein-Lahn-Kreis
07141064,Isselbach,71415003,Diez,Verbandsgemeinde,Rhein-Lahn-Kreis
07141076,Langenscheid,71415003,Diez,Verbandsgemeinde,Rhein-Lahn-Kreis
07141077,Laurenburg,71415003,Diez,Verbandsgemeinde,Rhein-Lahn-Kreis
07141124,Scheidt,71415003,Diez,Verbandsgemeinde,Rhein-Lahn-Kreis
07141130,Steinsberg,71415003,Diez,Verbandsgemeinde,Rhein-Lahn-Kreis
07141133,Wasenbach,71415003,Diez,Verbandsgemeinde,Rhein-Lahn-Kreis
07141503,Balduinstein,71415003,Diez,Verbandsgemeinde,Rhein-Lahn-Kreis
07141009,Berg,71415007,Nastätten,Verbandsgemeinde,Rhein-Lahn-Kreis
07141012,Bettendorf,71415007,Nastätten,Verbandsgemeinde,Rhein-Lahn-Kreis
07141015,Bogel,71415007,Nastätten,Verbandsgemeinde,Rhein-Lahn-Kreis
07141019,Buch,71415007,Nastätten,Verbandsgemeinde,Rhein-Lahn-Kreis
07141035,Ehr,71415007,Nastätten,Verbandsgemeinde,Rhein-Lahn-Kreis
07141037,Endlichhofen,71415007,Nastätten,Verbandsgemeinde,Rhein-Lahn-Kreis
07141040,Eschbach,71415007,Nastätten,Verbandsgemeinde,Rhein-Lahn-Kreis
07141047,Gemmerich,71415007,Nastätten,Verbandsgemeinde,Rhein-Lahn-Kreis
07141055,Himmighofen,71415007,Nastätten,Verbandsgemeinde,Rhein-Lahn-Kreis
07141060,Holzhausen an der Haide,71415007,Nastätten,Verbandsgemeinde,Rhein-Lahn-Kreis
07141063,Hunzel,71415007,Nastätten,Verbandsgemeinde,Rhein-Lahn-Kreis
07141067,Kasdorf,71415007,Nastätten,Verbandsgemeinde,Rhein-Lahn-Kreis
07141070,Kehlbach,71415007,Nastätten,Verbandsgemeinde,Rhein-Lahn-Kreis
07141078,Lautert,71415007,Nastätten,Verbandsgemeinde,Rhein-Lahn-Kreis
07141080,Lipporn,71415007,Nastätten,Verbandsgemeinde,Rhein-Lahn-Kreis
07141084,Marienfels,71415007,Nastätten,Verbandsgemeinde,Rhein-Lahn-Kreis
07141085,Miehlen,71415007,Nastätten,Verbandsgemeinde,Rhein-Lahn-Kreis
07141092,Nastätten,71415007,Nastätten,Verbandsgemeinde,Rhein-Lahn-Kreis
07141094,Niederbachheim,71415007,Nastätten,Verbandsgemeinde,Rhein-Lahn-Kreis
07141097,Niederwallmenach,71415007,Nastätten,Verbandsgemeinde,Rhein-Lahn-Kreis
07141100,Oberbachheim,71415007,Nastätten,Verbandsgemeinde,Rhein-Lahn-Kreis
07141104,Obertiefenbach,71415007,Nastätten,Verbandsgemeinde,Rhein-Lahn-Kreis
07141105,Oberwallmenach,71415007,Nastätten,Verbandsgemeinde,Rhein-Lahn-Kreis
07141107,Oelsberg,71415007,Nastätten,Verbandsgemeinde,Rhein-Lahn-Kreis
07141110,Hainau,71415007,Nastätten,Verbandsgemeinde,Rhein-Lahn-Kreis
07141116,Rettershain,71415007,Nastätten,Verbandsgemeinde,Rhein-Lahn-Kreis
07141120,Ruppertshofen,71415007,Nastätten,Verbandsgemeinde,Rhein-Lahn-Kreis
07141131,Strüth,71415007,Nastätten,Verbandsgemeinde,Rhein-Lahn-Kreis
07141134,Weidenbach,71415007,Nastätten,Verbandsgemeinde,Rhein-Lahn-Kreis
07141137,Welterod,71415007,Nastätten,Verbandsgemeinde,Rhein-Lahn-Kreis
07141140,Winterwerb,71415007,Nastätten,Verbandsgemeinde,Rhein-Lahn-Kreis
07141502,Diethardt,71415007,Nastätten,Verbandsgemeinde,Rhein-Lahn-Kreis
07141004,Auel,71415009,Loreley,Verbandsgemeinde,Rhein-Lahn-Kreis
07141016,Bornich,71415009,Loreley,Verbandsgemeinde,Rhein-Lahn-Kreis
07141023,Dachsenhausen,71415009,Loreley,Verbandsgemeinde,Rhein-Lahn-Kreis
07141024,Dahlheim,71415009,Loreley,Verbandsgemeinde,Rhein-Lahn-Kreis
07141031,Dörscheid,71415009,Loreley,Verbandsgemeinde,Rhein-Lahn-Kreis
07141042,Filsen,71415009,Loreley,Verbandsgemeinde,Rhein-Lahn-Kreis
07141066,Kamp-Bornhofen,71415009,Loreley,Verbandsgemeinde,Rhein-Lahn-Kreis
07141069,Kaub,71415009,Loreley,Verbandsgemeinde,Rhein-Lahn-Kreis
07141072,Kestert,71415009,Loreley,Verbandsgemeinde,Rhein-Lahn-Kreis
07141079,Lierschied,71415009,Loreley,Verbandsgemeinde,Rhein-Lahn-Kreis
07141083,Lykershausen,71415009,Loreley,Verbandsgemeinde,Rhein-Lahn-Kreis
07141099,Nochern,71415009,Loreley,Verbandsgemeinde,Rhein-Lahn-Kreis
07141108,Osterspai,71415009,Loreley,Verbandsgemeinde,Rhein-Lahn-Kreis
07141109,Patersberg,71415009,Loreley,Verbandsgemeinde,Rhein-Lahn-Kreis
07141112,Prath,71415009,Loreley,Verbandsgemeinde,Rhein-Lahn-Kreis
07141114,Reichenberg,71415009,Loreley,Verbandsgemeinde,Rhein-Lahn-Kreis
07141115,Reitzenhain,71415009,Loreley,Verbandsgemeinde,Rhein-Lahn-Kreis
07141121,Sankt Goarshausen,71415009,Loreley,Verbandsgemeinde,Rhein-Lahn-Kreis
07141122,Sauerthal,71415009,Loreley,Verbandsgemeinde,Rhein-Lahn-Kreis
07141136,Weisel,71415009,Loreley,Verbandsgemeinde,Rhein-Lahn-Kreis
07141138,Weyer,71415009,Loreley,Verbandsgemeinde,Rhein-Lahn-Kreis
07141501,Braubach,71415009,Loreley,Verbandsgemeinde,Rhein-Lahn-Kreis
07141003,Attenhausen,71415010,Bad Ems-Nassau,Verbandsgemeinde,Rhein-Lahn-Kreis
07141006,Bad Ems,71415010,Bad Ems-Nassau,Verbandsgemeinde,Rhein-Lahn-Kreis
07141008,Becheln,71415010,Bad Ems-Nassau,Verbandsgemeinde,Rhein-Lahn-Kreis
07141025,Dausenau,71415010,Bad Ems-Nassau,Verbandsgemeinde,Rhein-Lahn-Kreis
07141026,Dessighofen,71415010,Bad Ems-Nassau,Verbandsgemeinde,Rhein-Lahn-Kreis
07141027,Dienethal,71415010,Bad Ems-Nassau,Verbandsgemeinde,Rhein-Lahn-Kreis
07141033,Dornholzhausen,71415010,Bad Ems-Nassau,Verbandsgemeinde,Rhein-Lahn-Kreis
07141041,Fachbach,71415010,Bad Ems-Nassau,Verbandsgemeinde,Rhein-Lahn-Kreis
07141044,Frücht,71415010,Bad Ems-Nassau,Verbandsgemeinde,Rhein-Lahn-Kreis
07141046,Geisig,71415010,Bad Ems-Nassau,Verbandsgemeinde,Rhein-Lahn-Kreis
07141058,Hömberg,71415010,Bad Ems-Nassau,Verbandsgemeinde,Rhein-Lahn-Kreis
07141071,Kemmenau,71415010,Bad Ems-Nassau,Verbandsgemeinde,Rhein-Lahn-Kreis
07141082,Lollschied,71415010,Bad Ems-Nassau,Verbandsgemeinde,Rhein-Lahn-Kreis
07141086,Miellen,71415010,Bad Ems-Nassau,Verbandsgemeinde,Rhein-Lahn-Kreis
07141087,Misselberg,71415010,Bad Ems-Nassau,Verbandsgemeinde,Rhein-Lahn-Kreis
07141091,Nassau,71415010,Bad Ems-Nassau,Verbandsgemeinde,Rhein-Lahn-Kreis
07141098,Nievern,71415010,Bad Ems-Nassau,Verbandsgemeinde,Rhein-Lahn-Kreis
07141103,Obernhof,71415010,Bad Ems-Nassau,Verbandsgemeinde,Rhein-Lahn-Kreis
07141106,Oberwies,71415010,Bad Ems-Nassau,Verbandsgemeinde,Rhein-Lahn-Kreis
07141111,Pohl,71415010,Bad Ems-Nassau,Verbandsgemeinde,Rhein-Lahn-Kreis
07141127,Schweighausen,71415010,Bad Ems-Nassau,Verbandsgemeinde,Rhein-Lahn-Kreis
07141128,Seelbach,71415010,Bad Ems-Nassau,Verbandsgemeinde,Rhein-Lahn-Kreis
07141129,Singhofen,71415010,Bad Ems-Nassau,Verbandsgemeinde,Rhein-Lahn-Kreis
07141132,Sulzbach,71415010,Bad Ems-Nassau,Verbandsgemeinde,Rhein-Lahn-Kreis
07141135,Weinähr,71415010,Bad Ems-Nassau,Verbandsgemeinde,Rhein-Lahn-Kreis
07141139,Winden,71415010,Bad Ems-Nassau,Verbandsgemeinde,Rhein-Lahn-Kreis
07141141,Zimmerschied,71415010,Bad Ems-Nassau,Verbandsgemeinde,Rhein-Lahn-Kreis
07141201,Arzbach,71415010,Bad Ems-Nassau,Verbandsgemeinde,Rhein-Lahn-Kreis
07141001,Allendorf,71415011,Aar-Einrich,Verbandsgemeinde,Rhein-Lahn-Kreis
07141010,Berghausen,71415011,Aar-Einrich,Verbandsgemeinde,Rhein-Lahn-Kreis
07141011,Berndroth,71415011,Aar-Einrich,Verbandsgemeinde,Rhein-Lahn-Kreis
07141013,Biebrich,71415011,Aar-Einrich,Verbandsgemeinde,Rhein-Lahn-Kreis
07141018,Bremberg,71415011,Aar-Einrich,Verbandsgemeinde,Rhein-Lahn-Kreis
07141020,Burgschwalbach,71415011,Aar-Einrich,Verbandsgemeinde,Rhein-Lahn-Kreis
07141032,Dörsdorf,71415011,Aar-Einrich,Verbandsgemeinde,Rhein-Lahn-Kreis
07141034,Ebertshausen,71415011,Aar-Einrich,Verbandsgemeinde,Rhein-Lahn-Kreis
07141036,Eisighofen,71415011,Aar-Einrich,Verbandsgemeinde,Rhein-Lahn-Kreis
07141039,Ergeshausen,71415011,Aar-Einrich,Verbandsgemeinde,Rhein-Lahn-Kreis
07141043,Flacht,71415011,Aar-Einrich,Verbandsgemeinde,Rhein-Lahn-Kreis
07141050,Gutenacker,71415011,Aar-Einrich,Verbandsgemeinde,Rhein-Lahn-Kreis
07141051,Hahnstätten,71415011,Aar-Einrich,Verbandsgemeinde,Rhein-Lahn-Kreis
07141054,Herold,71415011,Aar-Einrich,Verbandsgemeinde,Rhein-Lahn-Kreis
07141065,Kaltenholzhausen,71415011,Aar-Einrich,Verbandsgemeinde,Rhein-Lahn-Kreis
07141068,Katzenelnbogen,71415011,Aar-Einrich,Verbandsgemeinde,Rhein-Lahn-Kreis
07141073,Klingelbach,71415011,Aar-Einrich,Verbandsgemeinde,Rhein-Lahn-Kreis
07141074,Kördorf,71415011,Aar-Einrich,Verbandsgemeinde,Rhein-Lahn-Kreis
07141081,Lohrheim,71415011,Aar-Einrich,Verbandsgemeinde,Rhein-Lahn-Kreis
07141088,Mittelfischbach,71415011,Aar-Einrich,Verbandsgemeinde,Rhein-Lahn-Kreis
07141089,Mudershausen,71415011,Aar-Einrich,Verbandsgemeinde,Rhein-Lahn-Kreis
07141093,Netzbach,71415011,Aar-Einrich,Verbandsgemeinde,Rhein-Lahn-Kreis
07141095,Niederneisen,71415011,Aar-Einrich,Verbandsgemeinde,Rhein-Lahn-Kreis
07141096,Niedertiefenbach,71415011,Aar-Einrich,Verbandsgemeinde,Rhein-Lahn-Kreis
07141101,Oberfischbach,71415011,Aar-Einrich,Verbandsgemeinde,Rhein-Lahn-Kreis
07141102,Oberneisen,71415011,Aar-Einrich,Verbandsgemeinde,Rhein-Lahn-Kreis
07141113,Reckenroth,71415011,Aar-Einrich,Verbandsgemeinde,Rhein-Lahn-Kreis
07141117,Rettert,71415011,Aar-Einrich,Verbandsgemeinde,Rhein-Lahn-Kreis
07141118,Roth,71415011,Aar-Einrich,Verbandsgemeinde,Rhein-Lahn-Kreis
07141125,Schiesheim,71415011,Aar-Einrich,Verbandsgemeinde,Rhein-Lahn-Kreis
07141126,Schönborn,71415011,Aar-Einrich,Verbandsgemeinde,Rhein-Lahn-Kreis
07143206,Bad Marienberg (Westerwald),71435001,Bad Marienberg (Westerwald),Verbandsgemeinde,Westerwaldkreis
07143211,Bölsberg,71435001,Bad Marienberg (Westerwald),Verbandsgemeinde,Westerwaldkreis
07143216,Dreisbach,71435001,Bad Marienberg (Westerwald),Verbandsgemeinde,Westerwaldkreis
07143222,Fehl-Ritzhausen,71435001,Bad Marienberg (Westerwald),Verbandsgemeinde,Westerwaldkreis
07143227,Großseifen,71435001,Bad Marienberg (Westerwald),Verbandsgemeinde,Westerwaldkreis
07143231,Hahn bei Marienberg,71435001,Bad Marienberg (Westerwald),Verbandsgemeinde,Westerwaldkreis
07143234,Hardt,71435001,Bad Marienberg (Westerwald),Verbandsgemeinde,Westerwaldkreis
07143243,Hof,71435001,Bad Marienberg (Westerwald),Verbandsgemeinde,Westerwaldkreis
07143248,Kirburg,71435001,Bad Marienberg (Westerwald),Verbandsgemeinde,Westerwaldkreis
07143253,Langenbach bei Kirburg,71435001,Bad Marienberg (Westerwald),Verbandsgemeinde,Westerwaldkreis
07143255,Lautzenbrücken,71435001,Bad Marienberg (Westerwald),Verbandsgemeinde,Westerwaldkreis
07143264,Mörlen,71435001,Bad Marienberg (Westerwald),Verbandsgemeinde,Westerwaldkreis
07143270,Neunkhausen,71435001,Bad Marienberg (Westerwald),Verbandsgemeinde,Westerwaldkreis
07143277,Nisterau,71435001,Bad Marienberg (Westerwald),Verbandsgemeinde,Westerwaldkreis
07143279,Nistertal,71435001,Bad Marienberg (Westerwald),Verbandsgemeinde,Westerwaldkreis
07143280,Norken,71435001,Bad Marienberg (Westerwald),Verbandsgemeinde,Westerwaldkreis
07143297,Stockhausen-Illfurth,71435001,Bad Marienberg (Westerwald),Verbandsgemeinde,Westerwaldkreis
07143300,Unnau,71435001,Bad Marienberg (Westerwald),Verbandsgemeinde,Westerwaldkreis
07143202,Alpenrod,71435002,Hachenburg,Verbandsgemeinde,Westerwaldkreis
07143204,Astert,71435002,Hachenburg,Verbandsgemeinde,Westerwaldkreis
07143205,Atzelgift,71435002,Hachenburg,Verbandsgemeinde,Westerwaldkreis
07143212,Borod,71435002,Hachenburg,Verbandsgemeinde,Westerwaldkreis
07143215,Dreifelden,71435002,Hachenburg,Verbandsgemeinde,Westerwaldkreis
07143223,Gehlert,71435002,Hachenburg,Verbandsgemeinde,Westerwaldkreis
07143225,Giesenhausen,71435002,Hachenburg,Verbandsgemeinde,Westerwaldkreis
07143229,Hachenburg,71435002,Hachenburg,Verbandsgemeinde,Westerwaldkreis
07143235,Hattert,71435002,Hachenburg,Verbandsgemeinde,Westerwaldkreis
07143236,Heimborn,71435002,Hachenburg,Verbandsgemeinde,Westerwaldkreis
07143240,Heuzert,71435002,Hachenburg,Verbandsgemeinde,Westerwaldkreis
07143241,Höchstenbach,71435002,Hachenburg,Verbandsgemeinde,Westerwaldkreis
07143250,Kroppach,71435002,Hachenburg,Verbandsgemeinde,Westerwaldkreis
07143252,Kundert,71435002,Hachenburg,Verbandsgemeinde,Westerwaldkreis
07143257,Limbach,71435002,Hachenburg,Verbandsgemeinde,Westerwaldkreis
07143258,Linden,71435002,Hachenburg,Verbandsgemeinde,Westerwaldkreis
07143259,Lochum,71435002,Hachenburg,Verbandsgemeinde,Westerwaldkreis
07143260,Luckenbach,71435002,Hachenburg,Verbandsgemeinde,Westerwaldkreis
07143261,Marzhausen,71435002,Hachenburg,Verbandsgemeinde,Westerwaldkreis
07143262,Merkelbach,71435002,Hachenburg,Verbandsgemeinde,Westerwaldkreis
07143265,Mörsbach,71435002,Hachenburg,Verbandsgemeinde,Westerwaldkreis
07143267,Mudenbach,71435002,Hachenburg,Verbandsgemeinde,Westerwaldkreis
07143268,Mündersbach,71435002,Hachenburg,Verbandsgemeinde,Westerwaldkreis
07143269,Müschenbach,71435002,Hachenburg,Verbandsgemeinde,Westerwaldkreis
07143276,Nister,71435002,Hachenburg,Verbandsgemeinde,Westerwaldkreis
07143287,Roßbach,71435002,Hachenburg,Verbandsgemeinde,Westerwaldkreis
07143294,Steinebach an der Wied,71435002,Hachenburg,Verbandsgemeinde,Westerwaldkreis
07143296,Stein-Wingert,71435002,Hachenburg,Verbandsgemeinde,Westerwaldkreis
07143299,Streithausen,71435002,Hachenburg,Verbandsgemeinde,Westerwaldkreis
07143301,Wahlrod,71435002,Hachenburg,Verbandsgemeinde,Westerwaldkreis
07143306,Welkenbach,71435002,Hachenburg,Verbandsgemeinde,Westerwaldkreis
07143310,Wied,71435002,Hachenburg,Verbandsgemeinde,Westerwaldkreis
07143313,Winkelbach,71435002,Hachenburg,Verbandsgemeinde,Westerwaldkreis
07143030,Hilgert,71435003,Höhr-Grenzhausen,Verbandsgemeinde,Westerwaldkreis
07143031,Hillscheid,71435003,Höhr-Grenzhausen,Verbandsgemeinde,Westerwaldkreis
07143032,Höhr-Grenzhausen,71435003,Höhr-Grenzhausen,Verbandsgemeinde,Westerwaldkreis
07143040,Kammerforst,71435003,Höhr-Grenzhausen,Verbandsgemeinde,Westerwaldkreis
07143005,Boden,71435004,Montabaur,Verbandsgemeinde,Westerwaldkreis
07143008,Daubach,71435004,Montabaur,Verbandsgemeinde,Westerwaldkreis
07143013,Eitelborn,71435004,Montabaur,Verbandsgemeinde,Westerwaldkreis
07143020,Gackenbach,71435004,Montabaur,Verbandsgemeinde,Westerwaldkreis
07143021,Girod,71435004,Montabaur,Verbandsgemeinde,Westerwaldkreis
07143023,Görgeshausen,71435004,Montabaur,Verbandsgemeinde,Westerwaldkreis
07143024,Großholbach,71435004,Montabaur,Verbandsgemeinde,Westerwaldkreis
07143026,Heilberscheid,71435004,Montabaur,Verbandsgemeinde,Westerwaldkreis
07143027,Heiligenroth,71435004,Montabaur,Verbandsgemeinde,Westerwaldkreis
07143033,Holler,71435004,Montabaur,Verbandsgemeinde,Westerwaldkreis
07143034,Horbach,71435004,Montabaur,Verbandsgemeinde,Westerwaldkreis
07143036,Hübingen,71435004,Montabaur,Verbandsgemeinde,Westerwaldkreis
07143039,Kadenbach,71435004,Montabaur,Verbandsgemeinde,Westerwaldkreis
07143048,Montabaur,71435004,Montabaur,Verbandsgemeinde,Westerwaldkreis
07143051,Nentershausen,71435004,Montabaur,Verbandsgemeinde,Westerwaldkreis
07143052,Neuhäusel,71435004,Montabaur,Verbandsgemeinde,Westerwaldkreis
07143053,Niederelbert,71435004,Montabaur,Verbandsgemeinde,Westerwaldkreis
07143054,Niedererbach,71435004,Montabaur,Verbandsgemeinde,Westerwaldkreis
07143055,Nomborn,71435004,Montabaur,Verbandsgemeinde,Westerwaldkreis
07143057,Oberelbert,71435004,Montabaur,Verbandsgemeinde,Westerwaldkreis
07143065,Ruppach-Goldhausen,71435004,Montabaur,Verbandsgemeinde,Westerwaldkreis
07143071,Simmern,71435004,Montabaur,Verbandsgemeinde,Westerwaldkreis
07143072,Stahlhofen,71435004,Montabaur,Verbandsgemeinde,Westerwaldkreis
07143077,Untershausen,71435004,Montabaur,Verbandsgemeinde,Westerwaldkreis
07143079,Welschneudorf,71435004,Montabaur,Verbandsgemeinde,Westerwaldkreis
07143001,Alsbach,71435005,Ransbach-Baumbach,Verbandsgemeinde,Westerwaldkreis
07143006,Breitenau,71435005,Ransbach-Baumbach,Verbandsgemeinde,Westerwaldkreis
07143007,Caan,71435005,Ransbach-Baumbach,Verbandsgemeinde,Westerwaldkreis
07143009,Deesen,71435005,Ransbach-Baumbach,Verbandsgemeinde,Westerwaldkreis
07143038,Hundsdorf,71435005,Ransbach-Baumbach,Verbandsgemeinde,Westerwaldkreis
07143050,Nauort,71435005,Ransbach-Baumbach,Verbandsgemeinde,Westerwaldkreis
07143059,Oberhaid,71435005,Ransbach-Baumbach,Verbandsgemeinde,Westerwaldkreis
07143062,Ransbach-Baumbach,71435005,Ransbach-Baumbach,Verbandsgemeinde,Westerwaldkreis
07143068,Sessenbach,71435005,Ransbach-Baumbach,Verbandsgemeinde,Westerwaldkreis
07143082,Wirscheid,71435005,Ransbach-Baumbach,Verbandsgemeinde,Westerwaldkreis
07143084,Wittgert,71435005,Ransbach-Baumbach,Verbandsgemeinde,Westerwaldkreis
07143214,Bretthausen,71435006,Rennerod,Verbandsgemeinde,Westerwaldkreis
07143218,Elsoff (Westerwald),71435006,Rennerod,Verbandsgemeinde,Westerwaldkreis
07143237,Hellenhahn-Schellenberg,71435006,Rennerod,Verbandsgemeinde,Westerwaldkreis
07143244,Homberg,71435006,Rennerod,Verbandsgemeinde,Westerwaldkreis
07143245,Hüblingen,71435006,Rennerod,Verbandsgemeinde,Westerwaldkreis
07143246,Irmtraut,71435006,Rennerod,Verbandsgemeinde,Westerwaldkreis
07143256,Liebenscheid,71435006,Rennerod,Verbandsgemeinde,Westerwaldkreis
07143271,Neunkirchen,71435006,Rennerod,Verbandsgemeinde,Westerwaldkreis
07143272,Neustadt/Westerwald,71435006,Rennerod,Verbandsgemeinde,Westerwaldkreis
07143274,Niederroßbach,71435006,Rennerod,Verbandsgemeinde,Westerwaldkreis
07143278,Nister-Möhrendorf,71435006,Rennerod,Verbandsgemeinde,Westerwaldkreis
07143282,Oberrod,71435006,Rennerod,Verbandsgemeinde,Westerwaldkreis
07143283,Oberroßbach,71435006,Rennerod,Verbandsgemeinde,Westerwaldkreis
07143285,Rehe,71435006,Rennerod,Verbandsgemeinde,Westerwaldkreis
07143286,Rennerod,71435006,Rennerod,Verbandsgemeinde,Westerwaldkreis
07143291,Salzburg,71435006,Rennerod,Verbandsgemeinde,Westerwaldkreis
07143292,Seck,71435006,Rennerod,Verbandsgemeinde,Westerwaldkreis
07143295,Stein-Neukirch,71435006,Rennerod,Verbandsgemeinde,Westerwaldkreis
07143302,Waigandshain,71435006,Rennerod,Verbandsgemeinde,Westerwaldkreis
07143303,Waldmühlen,71435006,Rennerod,Verbandsgemeinde,Westerwaldkreis
07143309,Westernohe,71435006,Rennerod,Verbandsgemeinde,Westerwaldkreis
07143311,Willingen,71435006,Rennerod,Verbandsgemeinde,Westerwaldkreis
07143315,Zehnhausen bei Rennerod,71435006,Rennerod,Verbandsgemeinde,Westerwaldkreis
07143015,Ellenhausen,71435007,Selters (Westerwald),Verbandsgemeinde,Westerwaldkreis
07143018,Freilingen,71435007,Selters (Westerwald),Verbandsgemeinde,Westerwaldkreis
07143019,Freirachdorf,71435007,Selters (Westerwald),Verbandsgemeinde,Westerwaldkreis
07143022,Goddert,71435007,Selters (Westerwald),Verbandsgemeinde,Westerwaldkreis
07143025,Hartenfels,71435007,Selters (Westerwald),Verbandsgemeinde,Westerwaldkreis
07143029,Herschbach,71435007,Selters (Westerwald),Verbandsgemeinde,Westerwaldkreis
07143041,Krümmel,71435007,Selters (Westerwald),Verbandsgemeinde,Westerwaldkreis
07143044,Marienrachdorf,71435007,Selters (Westerwald),Verbandsgemeinde,Westerwaldkreis
07143045,Maroth,71435007,Selters (Westerwald),Verbandsgemeinde,Westerwaldkreis
07143046,Maxsain,71435007,Selters (Westerwald),Verbandsgemeinde,Westerwaldkreis
07143056,Nordhofen,71435007,Selters (Westerwald),Verbandsgemeinde,Westerwaldkreis
07143061,Quirnbach,71435007,Selters (Westerwald),Verbandsgemeinde,Westerwaldkreis
07143064,Rückeroth,71435007,Selters (Westerwald),Verbandsgemeinde,Westerwaldkreis
07143066,Schenkelberg,71435007,Selters (Westerwald),Verbandsgemeinde,Westerwaldkreis
07143067,Selters (Westerwald),71435007,Selters (Westerwald),Verbandsgemeinde,Westerwaldkreis
07143069,Sessenhausen,71435007,Selters (Westerwald),Verbandsgemeinde,Westerwaldkreis
07143075,Steinen,71435007,Selters (Westerwald),Verbandsgemeinde,Westerwaldkreis
07143078,Vielbach,71435007,Selters (Westerwald),Verbandsgemeinde,Westerwaldkreis
07143085,Wölferlingen,71435007,Selters (Westerwald),Verbandsgemeinde,Westerwaldkreis
07143221,Ewighausen,71435007,Selters (Westerwald),Verbandsgemeinde,Westerwaldkreis
07143305,Weidenhahn,71435007,Selters (Westerwald),Verbandsgemeinde,Westerwaldkreis
07143011,Dreikirchen,71435008,Wallmerod,Verbandsgemeinde,Westerwaldkreis
07143037,Hundsangen,71435008,Wallmerod,Verbandsgemeinde,Westerwaldkreis
07143058,Obererbach,71435008,Wallmerod,Verbandsgemeinde,Westerwaldkreis
07143074,Steinefrenz,71435008,Wallmerod,Verbandsgemeinde,Westerwaldkreis
07143080,Weroth,71435008,Wallmerod,Verbandsgemeinde,Westerwaldkreis
07143203,Arnshöfen,71435008,Wallmerod,Verbandsgemeinde,Westerwaldkreis
07143208,Berod bei Wallmerod,71435008,Wallmerod,Verbandsgemeinde,Westerwaldkreis
07143210,Bilkheim,71435008,Wallmerod,Verbandsgemeinde,Westerwaldkreis
07143220,Ettinghausen,71435008,Wallmerod,Verbandsgemeinde,Westerwaldkreis
07143232,Hahn am See,71435008,Wallmerod,Verbandsgemeinde,Westerwaldkreis
07143239,Herschbach (Oberwesterwald),71435008,Wallmerod,Verbandsgemeinde,Westerwaldkreis
07143251,Kuhnhöfen,71435008,Wallmerod,Verbandsgemeinde,Westerwaldkreis
07143263,Meudt,71435008,Wallmerod,Verbandsgemeinde,Westerwaldkreis
07143266,Molsberg,71435008,Wallmerod,Verbandsgemeinde,Westerwaldkreis
07143273,Niederahr,71435008,Wallmerod,Verbandsgemeinde,Westerwaldkreis
07143281,Oberahr,71435008,Wallmerod,Verbandsgemeinde,Westerwaldkreis
07143290,Salz,71435008,Wallmerod,Verbandsgemeinde,Westerwaldkreis
07143304,Wallmerod,71435008,Wallmerod,Verbandsgemeinde,Westerwaldkreis
07143316,Zehnhausen bei Wallmerod,71435008,Wallmerod,Verbandsgemeinde,Westerwaldkreis
07143501,Elbingen,71435008,Wallmerod,Verbandsgemeinde,Westerwaldkreis
07143502,Mähren,71435008,Wallmerod,Verbandsgemeinde,Westerwaldkreis
07143200,Ailertchen,71435009,Westerburg,Verbandsgemeinde,Westerwaldkreis
07143207,Bellingen,71435009,Westerburg,Verbandsgemeinde,Westerwaldkreis
07143209,Berzhahn,71435009,Westerburg,Verbandsgemeinde,Westerwaldkreis
07143213,Brandscheid,71435009,Westerburg,Verbandsgemeinde,Westerwaldkreis
07143219,Enspel,71435009,Westerburg,Verbandsgemeinde,Westerwaldkreis
07143224,Gemünden,71435009,Westerburg,Verbandsgemeinde,Westerwaldkreis
07143226,Girkenroth,71435009,Westerburg,Verbandsgemeinde,Westerwaldkreis
07143228,Guckheim,71435009,Westerburg,Verbandsgemeinde,Westerwaldkreis
07143230,Härtlingen,71435009,Westerburg,Verbandsgemeinde,Westerwaldkreis
07143233,Halbs,71435009,Westerburg,Verbandsgemeinde,Westerwaldkreis
07143238,Hergenroth,71435009,Westerburg,Verbandsgemeinde,Westerwaldkreis
07143242,Höhn,71435009,Westerburg,Verbandsgemeinde,Westerwaldkreis
07143247,Kaden,71435009,Westerburg,Verbandsgemeinde,Westerwaldkreis
07143249,Kölbingen,71435009,Westerburg,Verbandsgemeinde,Westerwaldkreis
07143254,Langenhahn,71435009,Westerburg,Verbandsgemeinde,Westerwaldkreis
07143284,Pottum,71435009,Westerburg,Verbandsgemeinde,Westerwaldkreis
07143288,Rotenhain,71435009,Westerburg,Verbandsgemeinde,Westerwaldkreis
07143289,Rothenbach,71435009,Westerburg,Verbandsgemeinde,Westerwaldkreis
07143293,Stahlhofen am Wiesensee,71435009,Westerburg,Verbandsgemeinde,Westerwaldkreis
07143298,Stockum-Püschen,71435009,Westerburg,Verbandsgemeinde,Westerwaldkreis
07143307,Weltersburg,71435009,Westerburg,Verbandsgemeinde,Westerwaldkreis
07143308,Westerburg,71435009,Westerburg,Verbandsgemeinde,Westerwaldkreis
07143312,Willmenrod,71435009,Westerburg,Verbandsgemeinde,Westerwaldkreis
07143314,Winnen,71435009,Westerburg,Verbandsgemeinde,Westerwaldkreis
07143003,Bannberscheid,71435010,Wirges,Verbandsgemeinde,Westerwaldkreis
07143010,Dernbach (Westerwald),71435010,Wirges,Verbandsgemeinde,Westerwaldkreis
07143012,Ebernhahn,71435010,Wirges,Verbandsgemeinde,Westerwaldkreis
07143028,Helferskirchen,71435010,Wirges,Verbandsgemeinde,Westerwaldkreis
07143042,Leuterod,71435010,Wirges,Verbandsgemeinde,Westerwaldkreis
07143047,Mogendorf,71435010,Wirges,Verbandsgemeinde,Westerwaldkreis
07143049,Moschheim,71435010,Wirges,Verbandsgemeinde,Westerwaldkreis
07143060,Ötzingen,71435010,Wirges,Verbandsgemeinde,Westerwaldkreis
07143070,Siershahn,71435010,Wirges,Verbandsgemeinde,Westerwaldkreis
07143073,Staudt,71435010,Wirges,Verbandsgemeinde,Westerwaldkreis
07143081,Wirges,71435010,Wirges,Verbandsgemeinde,Westerwaldkreis
07143275,Niedersayn,71435010,Wirges,Verbandsgemeinde,Westerwaldkreis
07211000,Trier,72110000,Trier,Verbandsfreie Gemeinde,Trier
07231134,Wittlich,72310134,Wittlich,Verbandsfreie Gemeinde,Bernkastel-Wittlich
07231502,Morbach,72310502,Morbach,Verbandsfreie Gemeinde,Bernkastel-Wittlich
07231008,Bernkastel-Kues,72315001,Bernkastel-Kues,Verbandsgemeinde,Bernkastel-Wittlich
07231012,Brauneberg,72315001,Bernkastel-Kues,Verbandsgemeinde,Bernkastel-Wittlich
07231016,Burgen,72315001,Bernkastel-Kues,Verbandsgemeinde,Bernkastel-Wittlich
07231030,Erden,72315001,Bernkastel-Kues,Verbandsgemeinde,Bernkastel-Wittlich
07231040,Gornhausen,72315001,Bernkastel-Kues,Verbandsgemeinde,Bernkastel-Wittlich
07231041,Graach an der Mosel,72315001,Bernkastel-Kues,Verbandsgemeinde,Bernkastel-Wittlich
07231056,Hochscheid,72315001,Bernkastel-Kues,Verbandsgemeinde,Bernkastel-Wittlich
07231066,Kesten,72315001,Bernkastel-Kues,Verbandsgemeinde,Bernkastel-Wittlich
07231070,Kleinich,72315001,Bernkastel-Kues,Verbandsgemeinde,Bernkastel-Wittlich
07231071,Kommen,72315001,Bernkastel-Kues,Verbandsgemeinde,Bernkastel-Wittlich
07231075,Lieser,72315001,Bernkastel-Kues,Verbandsgemeinde,Bernkastel-Wittlich
07231076,Lösnich,72315001,Bernkastel-Kues,Verbandsgemeinde,Bernkastel-Wittlich
07231077,Longkamp,72315001,Bernkastel-Kues,Verbandsgemeinde,Bernkastel-Wittlich
07231081,Maring-Noviand,72315001,Bernkastel-Kues,Verbandsgemeinde,Bernkastel-Wittlich
07231086,Minheim,72315001,Bernkastel-Kues,Verbandsgemeinde,Bernkastel-Wittlich
07231087,Monzelfeld,72315001,Bernkastel-Kues,Verbandsgemeinde,Bernkastel-Wittlich
07231090,Mülheim an der Mosel,72315001,Bernkastel-Kues,Verbandsgemeinde,Bernkastel-Wittlich
07231092,Neumagen-Dhron,72315001,Bernkastel-Kues,Verbandsgemeinde,Bernkastel-Wittlich
07231105,Piesport,72315001,Bernkastel-Kues,Verbandsgemeinde,Bernkastel-Wittlich
07231125,Ürzig,72315001,Bernkastel-Kues,Verbandsgemeinde,Bernkastel-Wittlich
07231126,Veldenz,72315001,Bernkastel-Kues,Verbandsgemeinde,Bernkastel-Wittlich
07231133,Wintrich,72315001,Bernkastel-Kues,Verbandsgemeinde,Bernkastel-Wittlich
07231136,Zeltingen-Rachtig,72315001,Bernkastel-Kues,Verbandsgemeinde,Bernkastel-Wittlich
07231006,Berglicht,72315006,Thalfang am Erbeskopf,Verbandsgemeinde,Bernkastel-Wittlich
07231017,Burtscheid,72315006,Thalfang am Erbeskopf,Verbandsgemeinde,Bernkastel-Wittlich
07231018,Deuselbach,72315006,Thalfang am Erbeskopf,Verbandsgemeinde,Bernkastel-Wittlich
07231019,Dhronecken,72315006,Thalfang am Erbeskopf,Verbandsgemeinde,Bernkastel-Wittlich
07231032,Etgert,72315006,Thalfang am Erbeskopf,Verbandsgemeinde,Bernkastel-Wittlich
07231035,Gielert,72315006,Thalfang am Erbeskopf,Verbandsgemeinde,Bernkastel-Wittlich
07231042,Gräfendhron,72315006,Thalfang am Erbeskopf,Verbandsgemeinde,Bernkastel-Wittlich
07231054,Hilscheid,72315006,Thalfang am Erbeskopf,Verbandsgemeinde,Bernkastel-Wittlich
07231058,Horath,72315006,Thalfang am Erbeskopf,Verbandsgemeinde,Bernkastel-Wittlich
07231064,Immert,72315006,Thalfang am Erbeskopf,Verbandsgemeinde,Bernkastel-Wittlich
07231078,Lückenburg,72315006,Thalfang am Erbeskopf,Verbandsgemeinde,Bernkastel-Wittlich
07231079,Malborn,72315006,Thalfang am Erbeskopf,Verbandsgemeinde,Bernkastel-Wittlich
07231083,Merschbach,72315006,Thalfang am Erbeskopf,Verbandsgemeinde,Bernkastel-Wittlich
07231093,Neunkirchen,72315006,Thalfang am Erbeskopf,Verbandsgemeinde,Bernkastel-Wittlich
07231112,Rorodt,72315006,Thalfang am Erbeskopf,Verbandsgemeinde,Bernkastel-Wittlich
07231115,Schönberg,72315006,Thalfang am Erbeskopf,Verbandsgemeinde,Bernkastel-Wittlich
07231122,Talling,72315006,Thalfang am Erbeskopf,Verbandsgemeinde,Bernkastel-Wittlich
07231123,Thalfang,72315006,Thalfang am Erbeskopf,Verbandsgemeinde,Bernkastel-Wittlich
07231202,Breit,72315006,Thalfang am Erbeskopf,Verbandsgemeinde,Bernkastel-Wittlich
07231203,Büdlich,72315006,Thalfang am Erbeskopf,Verbandsgemeinde,Bernkastel-Wittlich
07231204,Heidenburg,72315006,Thalfang am Erbeskopf,Verbandsgemeinde,Bernkastel-Wittlich
07231001,Altrich,72315008,Wittlich-Land,Verbandsgemeinde,Bernkastel-Wittlich
07231003,Arenrath,72315008,Wittlich-Land,Verbandsgemeinde,Bernkastel-Wittlich
07231007,Bergweiler,72315008,Wittlich-Land,Verbandsgemeinde,Bernkastel-Wittlich
07231009,Bettenfeld,72315008,Wittlich-Land,Verbandsgemeinde,Bernkastel-Wittlich
07231010,Binsfeld,72315008,Wittlich-Land,Verbandsgemeinde,Bernkastel-Wittlich
07231013,Bruch,72315008,Wittlich-Land,Verbandsgemeinde,Bernkastel-Wittlich
07231021,Dierfeld,72315008,Wittlich-Land,Verbandsgemeinde,Bernkastel-Wittlich
07231022,Dierscheid,72315008,Wittlich-Land,Verbandsgemeinde,Bernkastel-Wittlich
07231023,Dodenburg,72315008,Wittlich-Land,Verbandsgemeinde,Bernkastel-Wittlich
07231024,Dreis,72315008,Wittlich-Land,Verbandsgemeinde,Bernkastel-Wittlich
07231025,Eckfeld,72315008,Wittlich-Land,Verbandsgemeinde,Bernkastel-Wittlich
07231026,Eisenschmitt,72315008,Wittlich-Land,Verbandsgemeinde,Bernkastel-Wittlich
07231031,Esch,72315008,Wittlich-Land,Verbandsgemeinde,Bernkastel-Wittlich
07231036,Gipperath,72315008,Wittlich-Land,Verbandsgemeinde,Bernkastel-Wittlich
07231037,Gladbach,72315008,Wittlich-Land,Verbandsgemeinde,Bernkastel-Wittlich
07231044,Greimerath,72315008,Wittlich-Land,Verbandsgemeinde,Bernkastel-Wittlich
07231046,Großlittgen,72315008,Wittlich-Land,Verbandsgemeinde,Bernkastel-Wittlich
07231049,Hasborn,72315008,Wittlich-Land,Verbandsgemeinde,Bernkastel-Wittlich
07231050,Heckenmünster,72315008,Wittlich-Land,Verbandsgemeinde,Bernkastel-Wittlich
07231051,Heidweiler,72315008,Wittlich-Land,Verbandsgemeinde,Bernkastel-Wittlich
07231053,Hetzerath,72315008,Wittlich-Land,Verbandsgemeinde,Bernkastel-Wittlich
07231062,Hupperath,72315008,Wittlich-Land,Verbandsgemeinde,Bernkastel-Wittlich
07231065,Karl,72315008,Wittlich-Land,Verbandsgemeinde,Bernkastel-Wittlich
07231069,Klausen,72315008,Wittlich-Land,Verbandsgemeinde,Bernkastel-Wittlich
07231074,Laufeld,72315008,Wittlich-Land,Verbandsgemeinde,Bernkastel-Wittlich
07231080,Manderscheid,72315008,Wittlich-Land,Verbandsgemeinde,Bernkastel-Wittlich
07231082,Meerfeld,72315008,Wittlich-Land,Verbandsgemeinde,Bernkastel-Wittlich
07231085,Minderlittgen,72315008,Wittlich-Land,Verbandsgemeinde,Bernkastel-Wittlich
07231091,Musweiler,72315008,Wittlich-Land,Verbandsgemeinde,Bernkastel-Wittlich
07231095,Niederöfflingen,72315008,Wittlich-Land,Verbandsgemeinde,Bernkastel-Wittlich
07231096,Niederscheidweiler,72315008,Wittlich-Land,Verbandsgemeinde,Bernkastel-Wittlich
07231100,Oberöfflingen,72315008,Wittlich-Land,Verbandsgemeinde,Bernkastel-Wittlich
07231101,Oberscheidweiler,72315008,Wittlich-Land,Verbandsgemeinde,Bernkastel-Wittlich
07231103,Osann-Monzel,72315008,Wittlich-Land,Verbandsgemeinde,Bernkastel-Wittlich
07231104,Pantenburg,72315008,Wittlich-Land,Verbandsgemeinde,Bernkastel-Wittlich
07231107,Platten,72315008,Wittlich-Land,Verbandsgemeinde,Bernkastel-Wittlich
07231108,Plein,72315008,Wittlich-Land,Verbandsgemeinde,Bernkastel-Wittlich
07231111,Rivenich,72315008,Wittlich-Land,Verbandsgemeinde,Bernkastel-Wittlich
07231113,Salmtal,72315008,Wittlich-Land,Verbandsgemeinde,Bernkastel-Wittlich
07231114,Schladt,72315008,Wittlich-Land,Verbandsgemeinde,Bernkastel-Wittlich
07231116,Schwarzenborn,72315008,Wittlich-Land,Verbandsgemeinde,Bernkastel-Wittlich
07231117,Sehlem,72315008,Wittlich-Land,Verbandsgemeinde,Bernkastel-Wittlich
07231127,Wallscheid,72315008,Wittlich-Land,Verbandsgemeinde,Bernkastel-Wittlich
07231503,Landscheid,72315008,Wittlich-Land,Verbandsgemeinde,Bernkastel-Wittlich
07231504,Niersbach,72315008,Wittlich-Land,Verbandsgemeinde,Bernkastel-Wittlich
07231004,Bausendorf,72315009,Traben-Trarbach,Verbandsgemeinde,Bernkastel-Wittlich
07231005,Bengel,72315009,Traben-Trarbach,Verbandsgemeinde,Bernkastel-Wittlich
07231014,Burg (Mosel),72315009,Traben-Trarbach,Verbandsgemeinde,Bernkastel-Wittlich
07231020,Diefenbach,72315009,Traben-Trarbach,Verbandsgemeinde,Bernkastel-Wittlich
07231029,Enkirch,72315009,Traben-Trarbach,Verbandsgemeinde,Bernkastel-Wittlich
07231033,Flußbach,72315009,Traben-Trarbach,Verbandsgemeinde,Bernkastel-Wittlich
07231057,Hontheim,72315009,Traben-Trarbach,Verbandsgemeinde,Bernkastel-Wittlich
07231067,Kinderbeuern,72315009,Traben-Trarbach,Verbandsgemeinde,Bernkastel-Wittlich
07231068,Kinheim,72315009,Traben-Trarbach,Verbandsgemeinde,Bernkastel-Wittlich
07231072,Kröv,72315009,Traben-Trarbach,Verbandsgemeinde,Bernkastel-Wittlich
07231110,Reil,72315009,Traben-Trarbach,Verbandsgemeinde,Bernkastel-Wittlich
07231120,Starkenburg,72315009,Traben-Trarbach,Verbandsgemeinde,Bernkastel-Wittlich
07231124,Traben-Trarbach,72315009,Traben-Trarbach,Verbandsgemeinde,Bernkastel-Wittlich
07231132,Willwerscheid,72315009,Traben-Trarbach,Verbandsgemeinde,Bernkastel-Wittlich
07231206,Lötzbeuren,72315009,Traben-Trarbach,Verbandsgemeinde,Bernkastel-Wittlich
07231501,Irmenach,72315009,Traben-Trarbach,Verbandsgemeinde,Bernkastel-Wittlich
07232018,Bitburg,72320018,Bitburg,Verbandsfreie Gemeinde,Eifelkreis Bitburg-Prüm
07232201,Arzfeld,72325001,Arzfeld,Verbandsgemeinde,Eifelkreis Bitburg-Prüm
07232211,Dackscheid,72325001,Arzfeld,Verbandsgemeinde,Eifelkreis Bitburg-Prüm
07232212,Dahnen,72325001,Arzfeld,Verbandsgemeinde,Eifelkreis Bitburg-Prüm
07232213,Daleiden,72325001,Arzfeld,Verbandsgemeinde,Eifelkreis Bitburg-Prüm
07232214,Dasburg,72325001,Arzfeld,Verbandsgemeinde,Eifelkreis Bitburg-Prüm
07232217,Eilscheid,72325001,Arzfeld,Verbandsgemeinde,Eifelkreis Bitburg-Prüm
07232220,Eschfeld,72325001,Arzfeld,Verbandsgemeinde,Eifelkreis Bitburg-Prüm
07232221,Euscheid,72325001,Arzfeld,Verbandsgemeinde,Eifelkreis Bitburg-Prüm
07232229,Großkampenberg,72325001,Arzfeld,Verbandsgemeinde,Eifelkreis Bitburg-Prüm
07232233,Hargarten,72325001,Arzfeld,Verbandsgemeinde,Eifelkreis Bitburg-Prüm
07232234,Harspelt,72325001,Arzfeld,Verbandsgemeinde,Eifelkreis Bitburg-Prüm
07232240,Herzfeld,72325001,Arzfeld,Verbandsgemeinde,Eifelkreis Bitburg-Prüm
07232245,Irrhausen,72325001,Arzfeld,Verbandsgemeinde,Eifelkreis Bitburg-Prüm
07232246,Jucken,72325001,Arzfeld,Verbandsgemeinde,Eifelkreis Bitburg-Prüm
07232247,Kesfeld,72325001,Arzfeld,Verbandsgemeinde,Eifelkreis Bitburg-Prüm
07232248,Kickeshausen,72325001,Arzfeld,Verbandsgemeinde,Eifelkreis Bitburg-Prüm
07232249,Kinzenburg,72325001,Arzfeld,Verbandsgemeinde,Eifelkreis Bitburg-Prüm
07232253,Krautscheid,72325001,Arzfeld,Verbandsgemeinde,Eifelkreis Bitburg-Prüm
07232254,Lambertsberg,72325001,Arzfeld,Verbandsgemeinde,Eifelkreis Bitburg-Prüm
07232255,Lascheid,72325001,Arzfeld,Verbandsgemeinde,Eifelkreis Bitburg-Prüm
07232258,Lauperath,72325001,Arzfeld,Verbandsgemeinde,Eifelkreis Bitburg-Prüm
07232259,Leidenborn,72325001,Arzfeld,Verbandsgemeinde,Eifelkreis Bitburg-Prüm
07232260,Lichtenborn,72325001,Arzfeld,Verbandsgemeinde,Eifelkreis Bitburg-Prüm
07232261,Lierfeld,72325001,Arzfeld,Verbandsgemeinde,Eifelkreis Bitburg-Prüm
07232262,Lünebach,72325001,Arzfeld,Verbandsgemeinde,Eifelkreis Bitburg-Prüm
07232263,Lützkampen,72325001,Arzfeld,Verbandsgemeinde,Eifelkreis Bitburg-Prüm
07232264,Manderscheid,72325001,Arzfeld,Verbandsgemeinde,Eifelkreis Bitburg-Prüm
07232267,Mauel,72325001,Arzfeld,Verbandsgemeinde,Eifelkreis Bitburg-Prüm
07232270,Merlscheid,72325001,Arzfeld,Verbandsgemeinde,Eifelkreis Bitburg-Prüm
07232277,Niederpierscheid,72325001,Arzfeld,Verbandsgemeinde,Eifelkreis Bitburg-Prüm
07232285,Oberpierscheid,72325001,Arzfeld,Verbandsgemeinde,Eifelkreis Bitburg-Prüm
07232287,Olmscheid,72325001,Arzfeld,Verbandsgemeinde,Eifelkreis Bitburg-Prüm
07232291,Pintesfeld,72325001,Arzfeld,Verbandsgemeinde,Eifelkreis Bitburg-Prüm
07232293,Plütscheid,72325001,Arzfeld,Verbandsgemeinde,Eifelkreis Bitburg-Prüm
07232294,Preischeid,72325001,Arzfeld,Verbandsgemeinde,Eifelkreis Bitburg-Prüm
07232297,Reiff,72325001,Arzfeld,Verbandsgemeinde,Eifelkreis Bitburg-Prüm
07232298,Reipeldingen,72325001,Arzfeld,Verbandsgemeinde,Eifelkreis Bitburg-Prüm
07232301,Roscheid,72325001,Arzfeld,Verbandsgemeinde,Eifelkreis Bitburg-Prüm
07232309,Sengerich,72325001,Arzfeld,Verbandsgemeinde,Eifelkreis Bitburg-Prüm
07232310,Sevenig (Our),72325001,Arzfeld,Verbandsgemeinde,Eifelkreis Bitburg-Prüm
07232315,Strickscheid,72325001,Arzfeld,Verbandsgemeinde,Eifelkreis Bitburg-Prüm
07232322,Waxweiler,72325001,Arzfeld,Verbandsgemeinde,Eifelkreis Bitburg-Prüm
07232333,Üttfeld,72325001,Arzfeld,Verbandsgemeinde,Eifelkreis Bitburg-Prüm
07232001,Affler,72325005,Südeifel,Verbandsgemeinde,Eifelkreis Bitburg-Prüm
07232002,Alsdorf,72325005,Südeifel,Verbandsgemeinde,Eifelkreis Bitburg-Prüm
07232003,Altscheid,72325005,Südeifel,Verbandsgemeinde,Eifelkreis Bitburg-Prüm
07232004,Ammeldingen an der Our,72325005,Südeifel,Verbandsgemeinde,Eifelkreis Bitburg-Prüm
07232005,Ammeldingen bei Neuerburg,72325005,Südeifel,Verbandsgemeinde,Eifelkreis Bitburg-Prüm
07232008,Bauler,72325005,Südeifel,Verbandsgemeinde,Eifelkreis Bitburg-Prüm
07232011,Berkoth,72325005,Südeifel,Verbandsgemeinde,Eifelkreis Bitburg-Prüm
07232012,Berscheid,72325005,Südeifel,Verbandsgemeinde,Eifelkreis Bitburg-Prüm
07232016,Biesdorf,72325005,Südeifel,Verbandsgemeinde,Eifelkreis Bitburg-Prüm
07232019,Bollendorf,72325005,Südeifel,Verbandsgemeinde,Eifelkreis Bitburg-Prüm
07232022,Burg,72325005,Südeifel,Verbandsgemeinde,Eifelkreis Bitburg-Prüm
07232025,Dauwelshausen,72325005,Südeifel,Verbandsgemeinde,Eifelkreis Bitburg-Prüm
07232028,Echternacherbrück,72325005,Südeifel,Verbandsgemeinde,Eifelkreis Bitburg-Prüm
07232031,Emmelbaum,72325005,Südeifel,Verbandsgemeinde,Eifelkreis Bitburg-Prüm
07232033,Ernzen,72325005,Südeifel,Verbandsgemeinde,Eifelkreis Bitburg-Prüm
07232037,Ferschweiler,72325005,Südeifel,Verbandsgemeinde,Eifelkreis Bitburg-Prüm
07232038,Fischbach-Oberraden,72325005,Südeifel,Verbandsgemeinde,Eifelkreis Bitburg-Prüm
07232040,Geichlingen,72325005,Südeifel,Verbandsgemeinde,Eifelkreis Bitburg-Prüm
07232041,Gemünd,72325005,Südeifel,Verbandsgemeinde,Eifelkreis Bitburg-Prüm
07232042,Gentingen,72325005,Südeifel,Verbandsgemeinde,Eifelkreis Bitburg-Prüm
07232047,Heilbach,72325005,Südeifel,Verbandsgemeinde,Eifelkreis Bitburg-Prüm
07232049,Herbstmühle,72325005,Südeifel,Verbandsgemeinde,Eifelkreis Bitburg-Prüm
07232053,Holsthum,72325005,Südeifel,Verbandsgemeinde,Eifelkreis Bitburg-Prüm
07232054,Hommerdingen,72325005,Südeifel,Verbandsgemeinde,Eifelkreis Bitburg-Prüm
07232056,Hütten,72325005,Südeifel,Verbandsgemeinde,Eifelkreis Bitburg-Prüm
07232059,Hüttingen bei Lahr,72325005,Südeifel,Verbandsgemeinde,Eifelkreis Bitburg-Prüm
07232063,Irrel,72325005,Südeifel,Verbandsgemeinde,Eifelkreis Bitburg-Prüm
07232064,Karlshausen,72325005,Südeifel,Verbandsgemeinde,Eifelkreis Bitburg-Prüm
07232065,Kaschenbach,72325005,Südeifel,Verbandsgemeinde,Eifelkreis Bitburg-Prüm
07232066,Keppeshausen,72325005,Südeifel,Verbandsgemeinde,Eifelkreis Bitburg-Prüm
07232067,Körperich,72325005,Südeifel,Verbandsgemeinde,Eifelkreis Bitburg-Prüm
07232068,Koxhausen,72325005,Südeifel,Verbandsgemeinde,Eifelkreis Bitburg-Prüm
07232069,Kruchten,72325005,Südeifel,Verbandsgemeinde,Eifelkreis Bitburg-Prüm
07232072,Lahr,72325005,Südeifel,Verbandsgemeinde,Eifelkreis Bitburg-Prüm
07232073,Leimbach,72325005,Südeifel,Verbandsgemeinde,Eifelkreis Bitburg-Prüm
07232078,Menningen,72325005,Südeifel,Verbandsgemeinde,Eifelkreis Bitburg-Prüm
07232080,Mettendorf,72325005,Südeifel,Verbandsgemeinde,Eifelkreis Bitburg-Prüm
07232082,Minden,72325005,Südeifel,Verbandsgemeinde,Eifelkreis Bitburg-Prüm
07232084,Muxerath,72325005,Südeifel,Verbandsgemeinde,Eifelkreis Bitburg-Prüm
07232085,Nasingen,72325005,Südeifel,Verbandsgemeinde,Eifelkreis Bitburg-Prüm
07232088,Neuerburg,72325005,Südeifel,Verbandsgemeinde,Eifelkreis Bitburg-Prüm
07232090,Niederraden,72325005,Südeifel,Verbandsgemeinde,Eifelkreis Bitburg-Prüm
07232093,Niederweis,72325005,Südeifel,Verbandsgemeinde,Eifelkreis Bitburg-Prüm
07232094,Niehl,72325005,Südeifel,Verbandsgemeinde,Eifelkreis Bitburg-Prüm
07232095,Nusbaum,72325005,Südeifel,Verbandsgemeinde,Eifelkreis Bitburg-Prüm
07232102,Utscheid,72325005,Südeifel,Verbandsgemeinde,Eifelkreis Bitburg-Prüm
07232103,Peffingen,72325005,Südeifel,Verbandsgemeinde,Eifelkreis Bitburg-Prüm
07232106,Plascheid,72325005,Südeifel,Verbandsgemeinde,Eifelkreis Bitburg-Prüm
07232108,Prümzurlay,72325005,Südeifel,Verbandsgemeinde,Eifelkreis Bitburg-Prüm
07232110,Rodershausen,72325005,Südeifel,Verbandsgemeinde,Eifelkreis Bitburg-Prüm
07232112,Roth an der Our,72325005,Südeifel,Verbandsgemeinde,Eifelkreis Bitburg-Prüm
07232114,Schankweiler,72325005,Südeifel,Verbandsgemeinde,Eifelkreis Bitburg-Prüm
07232116,Scheitenkorb,72325005,Südeifel,Verbandsgemeinde,Eifelkreis Bitburg-Prüm
07232117,Scheuern,72325005,Südeifel,Verbandsgemeinde,Eifelkreis Bitburg-Prüm
07232121,Sevenig bei Neuerburg,72325005,Südeifel,Verbandsgemeinde,Eifelkreis Bitburg-Prüm
07232122,Sinspelt,72325005,Südeifel,Verbandsgemeinde,Eifelkreis Bitburg-Prüm
07232127,Übereisenbach,72325005,Südeifel,Verbandsgemeinde,Eifelkreis Bitburg-Prüm
07232128,Uppershausen,72325005,Südeifel,Verbandsgemeinde,Eifelkreis Bitburg-Prüm
07232130,Waldhof-Falkenstein,72325005,Südeifel,Verbandsgemeinde,Eifelkreis Bitburg-Prüm
07232131,Wallendorf,72325005,Südeifel,Verbandsgemeinde,Eifelkreis Bitburg-Prüm
07232132,Weidingen,72325005,Südeifel,Verbandsgemeinde,Eifelkreis Bitburg-Prüm
07232138,Zweifelscheid,72325005,Südeifel,Verbandsgemeinde,Eifelkreis Bitburg-Prüm
07232218,Eisenach,72325005,Südeifel,Verbandsgemeinde,Eifelkreis Bitburg-Prüm
07232225,Gilzem,72325005,Südeifel,Verbandsgemeinde,Eifelkreis Bitburg-Prüm
07232503,Obergeckler,72325005,Südeifel,Verbandsgemeinde,Eifelkreis Bitburg-Prüm
07232202,Auw bei Prüm,72325006,Prüm,Verbandsgemeinde,Eifelkreis Bitburg-Prüm
07232206,Bleialf,72325006,Prüm,Verbandsgemeinde,Eifelkreis Bitburg-Prüm
07232207,Brandscheid,72325006,Prüm,Verbandsgemeinde,Eifelkreis Bitburg-Prüm
07232208,Buchet,72325006,Prüm,Verbandsgemeinde,Eifelkreis Bitburg-Prüm
07232209,Büdesheim,72325006,Prüm,Verbandsgemeinde,Eifelkreis Bitburg-Prüm
07232216,Dingdorf,72325006,Prüm,Verbandsgemeinde,Eifelkreis Bitburg-Prüm
07232222,Feuerscheid,72325006,Prüm,Verbandsgemeinde,Eifelkreis Bitburg-Prüm
07232223,Fleringen,72325006,Prüm,Verbandsgemeinde,Eifelkreis Bitburg-Prüm
07232224,Giesdorf,72325006,Prüm,Verbandsgemeinde,Eifelkreis Bitburg-Prüm
07232226,Weinsheim,72325006,Prüm,Verbandsgemeinde,Eifelkreis Bitburg-Prüm
07232227,Gondenbrett,72325006,Prüm,Verbandsgemeinde,Eifelkreis Bitburg-Prüm
07232230,Großlangenfeld,72325006,Prüm,Verbandsgemeinde,Eifelkreis Bitburg-Prüm
07232231,Habscheid,72325006,Prüm,Verbandsgemeinde,Eifelkreis Bitburg-Prüm
07232236,Heckhuscheid,72325006,Prüm,Verbandsgemeinde,Eifelkreis Bitburg-Prüm
07232238,Heisdorf,72325006,Prüm,Verbandsgemeinde,Eifelkreis Bitburg-Prüm
07232250,Kleinlangenfeld,72325006,Prüm,Verbandsgemeinde,Eifelkreis Bitburg-Prüm
07232256,Lasel,72325006,Prüm,Verbandsgemeinde,Eifelkreis Bitburg-Prüm
07232265,Masthorn,72325006,Prüm,Verbandsgemeinde,Eifelkreis Bitburg-Prüm
07232266,Matzerath,72325006,Prüm,Verbandsgemeinde,Eifelkreis Bitburg-Prüm
07232271,Mützenich,72325006,Prüm,Verbandsgemeinde,Eifelkreis Bitburg-Prüm
07232272,Neuendorf,72325006,Prüm,Verbandsgemeinde,Eifelkreis Bitburg-Prüm
07232276,Niederlauch,72325006,Prüm,Verbandsgemeinde,Eifelkreis Bitburg-Prüm
07232279,Nimshuscheid,72325006,Prüm,Verbandsgemeinde,Eifelkreis Bitburg-Prüm
07232280,Nimsreuland,72325006,Prüm,Verbandsgemeinde,Eifelkreis Bitburg-Prüm
07232283,Oberlascheid,72325006,Prüm,Verbandsgemeinde,Eifelkreis Bitburg-Prüm
07232284,Oberlauch,72325006,Prüm,Verbandsgemeinde,Eifelkreis Bitburg-Prüm
07232288,Olzheim,72325006,Prüm,Verbandsgemeinde,Eifelkreis Bitburg-Prüm
07232290,Orlenbach,72325006,Prüm,Verbandsgemeinde,Eifelkreis Bitburg-Prüm
07232292,Pittenbach,72325006,Prüm,Verbandsgemeinde,Eifelkreis Bitburg-Prüm
07232295,Pronsfeld,72325006,Prüm,Verbandsgemeinde,Eifelkreis Bitburg-Prüm
07232296,Prüm,72325006,Prüm,Verbandsgemeinde,Eifelkreis Bitburg-Prüm
07232300,Rommersheim,72325006,Prüm,Verbandsgemeinde,Eifelkreis Bitburg-Prüm
07232302,Roth bei Prüm,72325006,Prüm,Verbandsgemeinde,Eifelkreis Bitburg-Prüm
07232304,Schönecken,72325006,Prüm,Verbandsgemeinde,Eifelkreis Bitburg-Prüm
07232305,Schwirzheim,72325006,Prüm,Verbandsgemeinde,Eifelkreis Bitburg-Prüm
07232307,Seiwerath,72325006,Prüm,Verbandsgemeinde,Eifelkreis Bitburg-Prüm
07232308,Sellerich,72325006,Prüm,Verbandsgemeinde,Eifelkreis Bitburg-Prüm
07232318,Wallersheim,72325006,Prüm,Verbandsgemeinde,Eifelkreis Bitburg-Prüm
07232320,Watzerath,72325006,Prüm,Verbandsgemeinde,Eifelkreis Bitburg-Prüm
07232321,Wawern,72325006,Prüm,Verbandsgemeinde,Eifelkreis Bitburg-Prüm
07232327,Winringen,72325006,Prüm,Verbandsgemeinde,Eifelkreis Bitburg-Prüm
07232328,Winterscheid,72325006,Prüm,Verbandsgemeinde,Eifelkreis Bitburg-Prüm
07232329,Winterspelt,72325006,Prüm,Verbandsgemeinde,Eifelkreis Bitburg-Prüm
07232332,Hersdorf,72325006,Prüm,Verbandsgemeinde,Eifelkreis Bitburg-Prüm
07232006,Auw an der Kyll,72325007,Speicher,Verbandsgemeinde,Eifelkreis Bitburg-Prüm
07232010,Beilingen,72325007,Speicher,Verbandsgemeinde,Eifelkreis Bitburg-Prüm
07232050,Herforst,72325007,Speicher,Verbandsgemeinde,Eifelkreis Bitburg-Prüm
07232055,Hosten,72325007,Speicher,Verbandsgemeinde,Eifelkreis Bitburg-Prüm
07232104,Philippsheim,72325007,Speicher,Verbandsgemeinde,Eifelkreis Bitburg-Prüm
07232107,Preist,72325007,Speicher,Verbandsgemeinde,Eifelkreis Bitburg-Prüm
07232123,Speicher,72325007,Speicher,Verbandsgemeinde,Eifelkreis Bitburg-Prüm
07232289,Orenhofen,72325007,Speicher,Verbandsgemeinde,Eifelkreis Bitburg-Prüm
07232311,Spangdahlem,72325007,Speicher,Verbandsgemeinde,Eifelkreis Bitburg-Prüm
07232007,Badem,72325008,Bitburger Land,Verbandsgemeinde,Eifelkreis Bitburg-Prüm
07232009,Baustert,72325008,Bitburger Land,Verbandsgemeinde,Eifelkreis Bitburg-Prüm
07232013,Bettingen,72325008,Bitburger Land,Verbandsgemeinde,Eifelkreis Bitburg-Prüm
07232014,Bickendorf,72325008,Bitburger Land,Verbandsgemeinde,Eifelkreis Bitburg-Prüm
07232015,Biersdorf am See,72325008,Bitburger Land,Verbandsgemeinde,Eifelkreis Bitburg-Prüm
07232017,Birtlingen,72325008,Bitburger Land,Verbandsgemeinde,Eifelkreis Bitburg-Prüm
07232020,Brecht,72325008,Bitburger Land,Verbandsgemeinde,Eifelkreis Bitburg-Prüm
07232024,Dahlem,72325008,Bitburger Land,Verbandsgemeinde,Eifelkreis Bitburg-Prüm
07232026,Dockendorf,72325008,Bitburger Land,Verbandsgemeinde,Eifelkreis Bitburg-Prüm
07232027,Dudeldorf,72325008,Bitburger Land,Verbandsgemeinde,Eifelkreis Bitburg-Prüm
07232029,Echtershausen,72325008,Bitburger Land,Verbandsgemeinde,Eifelkreis Bitburg-Prüm
07232030,Ehlenz,72325008,Bitburger Land,Verbandsgemeinde,Eifelkreis Bitburg-Prüm
07232032,Enzen,72325008,Bitburger Land,Verbandsgemeinde,Eifelkreis Bitburg-Prüm
07232034,Eßlingen,72325008,Bitburger Land,Verbandsgemeinde,Eifelkreis Bitburg-Prüm
07232035,Etteldorf,72325008,Bitburger Land,Verbandsgemeinde,Eifelkreis Bitburg-Prüm
07232036,Feilsdorf,72325008,Bitburger Land,Verbandsgemeinde,Eifelkreis Bitburg-Prüm
07232039,Fließem,72325008,Bitburger Land,Verbandsgemeinde,Eifelkreis Bitburg-Prüm
07232043,Gindorf,72325008,Bitburger Land,Verbandsgemeinde,Eifelkreis Bitburg-Prüm
07232044,Gondorf,72325008,Bitburger Land,Verbandsgemeinde,Eifelkreis Bitburg-Prüm
07232045,Halsdorf,72325008,Bitburger Land,Verbandsgemeinde,Eifelkreis Bitburg-Prüm
07232046,Hamm,72325008,Bitburger Land,Verbandsgemeinde,Eifelkreis Bitburg-Prüm
07232048,Heilenbach,72325008,Bitburger Land,Verbandsgemeinde,Eifelkreis Bitburg-Prüm
07232057,Hütterscheid,72325008,Bitburger Land,Verbandsgemeinde,Eifelkreis Bitburg-Prüm
07232058,Hüttingen an der Kyll,72325008,Bitburger Land,Verbandsgemeinde,Eifelkreis Bitburg-Prüm
07232060,Idenheim,72325008,Bitburger Land,Verbandsgemeinde,Eifelkreis Bitburg-Prüm
07232061,Idesheim,72325008,Bitburger Land,Verbandsgemeinde,Eifelkreis Bitburg-Prüm
07232062,Ingendorf,72325008,Bitburger Land,Verbandsgemeinde,Eifelkreis Bitburg-Prüm
07232070,Kyllburg,72325008,Bitburger Land,Verbandsgemeinde,Eifelkreis Bitburg-Prüm
07232071,Kyllburgweiler,72325008,Bitburger Land,Verbandsgemeinde,Eifelkreis Bitburg-Prüm
07232074,Ließem,72325008,Bitburger Land,Verbandsgemeinde,Eifelkreis Bitburg-Prüm
07232075,Malberg,72325008,Bitburger Land,Verbandsgemeinde,Eifelkreis Bitburg-Prüm
07232076,Malbergweich,72325008,Bitburger Land,Verbandsgemeinde,Eifelkreis Bitburg-Prüm
07232077,Meckel,72325008,Bitburger Land,Verbandsgemeinde,Eifelkreis Bitburg-Prüm
07232079,Messerich,72325008,Bitburger Land,Verbandsgemeinde,Eifelkreis Bitburg-Prüm
07232081,Metterich,72325008,Bitburger Land,Verbandsgemeinde,Eifelkreis Bitburg-Prüm
07232083,Mülbach,72325008,Bitburger Land,Verbandsgemeinde,Eifelkreis Bitburg-Prüm
07232086,Nattenheim,72325008,Bitburger Land,Verbandsgemeinde,Eifelkreis Bitburg-Prüm
07232087,Neidenbach,72325008,Bitburger Land,Verbandsgemeinde,Eifelkreis Bitburg-Prüm
07232091,Niederstedem,72325008,Bitburger Land,Verbandsgemeinde,Eifelkreis Bitburg-Prüm
07232092,Niederweiler,72325008,Bitburger Land,Verbandsgemeinde,Eifelkreis Bitburg-Prüm
07232097,Oberstedem,72325008,Bitburger Land,Verbandsgemeinde,Eifelkreis Bitburg-Prüm
07232098,Oberweiler,72325008,Bitburger Land,Verbandsgemeinde,Eifelkreis Bitburg-Prüm
07232099,Oberweis,72325008,Bitburger Land,Verbandsgemeinde,Eifelkreis Bitburg-Prüm
07232100,Olsdorf,72325008,Bitburger Land,Verbandsgemeinde,Eifelkreis Bitburg-Prüm
07232101,Orsfeld,72325008,Bitburger Land,Verbandsgemeinde,Eifelkreis Bitburg-Prüm
07232105,Pickließem,72325008,Bitburger Land,Verbandsgemeinde,Eifelkreis Bitburg-Prüm
07232109,Rittersdorf,72325008,Bitburger Land,Verbandsgemeinde,Eifelkreis Bitburg-Prüm
07232111,Röhl,72325008,Bitburger Land,Verbandsgemeinde,Eifelkreis Bitburg-Prüm
07232113,Sankt Thomas,72325008,Bitburger Land,Verbandsgemeinde,Eifelkreis Bitburg-Prüm
07232115,Scharfbillig,72325008,Bitburger Land,Verbandsgemeinde,Eifelkreis Bitburg-Prüm
07232118,Schleid,72325008,Bitburger Land,Verbandsgemeinde,Eifelkreis Bitburg-Prüm
07232119,Seffern,72325008,Bitburger Land,Verbandsgemeinde,Eifelkreis Bitburg-Prüm
07232120,Sefferweich,72325008,Bitburger Land,Verbandsgemeinde,Eifelkreis Bitburg-Prüm
07232124,Stockem,72325008,Bitburger Land,Verbandsgemeinde,Eifelkreis Bitburg-Prüm
07232125,Sülm,72325008,Bitburger Land,Verbandsgemeinde,Eifelkreis Bitburg-Prüm
07232126,Trimport,72325008,Bitburger Land,Verbandsgemeinde,Eifelkreis Bitburg-Prüm
07232129,Usch,72325008,Bitburger Land,Verbandsgemeinde,Eifelkreis Bitburg-Prüm
07232133,Wettlingen,72325008,Bitburger Land,Verbandsgemeinde,Eifelkreis Bitburg-Prüm
07232134,Wiersdorf,72325008,Bitburger Land,Verbandsgemeinde,Eifelkreis Bitburg-Prüm
07232135,Wilsecker,72325008,Bitburger Land,Verbandsgemeinde,Eifelkreis Bitburg-Prüm
07232137,Wolsfeld,72325008,Bitburger Land,Verbandsgemeinde,Eifelkreis Bitburg-Prüm
07232203,Balesfeld,72325008,Bitburger Land,Verbandsgemeinde,Eifelkreis Bitburg-Prüm
07232210,Burbach,72325008,Bitburger Land,Verbandsgemeinde,Eifelkreis Bitburg-Prüm
07232228,Gransdorf,72325008,Bitburger Land,Verbandsgemeinde,Eifelkreis Bitburg-Prüm
07232273,Neuheilenbach,72325008,Bitburger Land,Verbandsgemeinde,Eifelkreis Bitburg-Prüm
07232282,Oberkail,72325008,Bitburger Land,Verbandsgemeinde,Eifelkreis Bitburg-Prüm
07232306,Seinsfeld,72325008,Bitburger Land,Verbandsgemeinde,Eifelkreis Bitburg-Prüm
07232313,Steinborn,72325008,Bitburger Land,Verbandsgemeinde,Eifelkreis Bitburg-Prüm
07232331,Zendscheid,72325008,Bitburger Land,Verbandsgemeinde,Eifelkreis Bitburg-Prüm
07232501,Wißmannsdorf,72325008,Bitburger Land,Verbandsgemeinde,Eifelkreis Bitburg-Prüm
07232502,Brimingen,72325008,Bitburger Land,Verbandsgemeinde,Eifelkreis Bitburg-Prüm
07233006,Betteldorf,72335001,Daun,Verbandsgemeinde,Vulkaneifel
07233008,Bleckhausen,72335001,Daun,Verbandsgemeinde,Vulkaneifel
07233011,Brockscheid,72335001,Daun,Verbandsgemeinde,Vulkaneifel
07233014,Darscheid,72335001,Daun,Verbandsgemeinde,Vulkaneifel
07233016,Demerath,72335001,Daun,Verbandsgemeinde,Vulkaneifel
07233017,Deudesfeld,72335001,Daun,Verbandsgemeinde,Vulkaneifel
07233018,Dockweiler,72335001,Daun,Verbandsgemeinde,Vulkaneifel
07233020,Dreis-Brück,72335001,Daun,Verbandsgemeinde,Vulkaneifel
07233021,Ellscheid,72335001,Daun,Verbandsgemeinde,Vulkaneifel
07233025,Gefell,72335001,Daun,Verbandsgemeinde,Vulkaneifel
07233027,Gillenfeld,72335001,Daun,Verbandsgemeinde,Vulkaneifel
07233030,Hinterweiler,72335001,Daun,Verbandsgemeinde,Vulkaneifel
07233031,Hörscheid,72335001,Daun,Verbandsgemeinde,Vulkaneifel
07233034,Immerath,72335001,Daun,Verbandsgemeinde,Vulkaneifel
07233039,Kirchweiler,72335001,Daun,Verbandsgemeinde,Vulkaneifel
07233040,Kradenbach,72335001,Daun,Verbandsgemeinde,Vulkaneifel
07233042,Mehren,72335001,Daun,Verbandsgemeinde,Vulkaneifel
07233043,Meisburg,72335001,Daun,Verbandsgemeinde,Vulkaneifel
07233046,Mückeln,72335001,Daun,Verbandsgemeinde,Vulkaneifel
07233049,Nerdlen,72335001,Daun,Verbandsgemeinde,Vulkaneifel
07233052,Niederstadtfeld,72335001,Daun,Verbandsgemeinde,Vulkaneifel
07233055,Oberstadtfeld,72335001,Daun,Verbandsgemeinde,Vulkaneifel
07233061,Sarmersbach,72335001,Daun,Verbandsgemeinde,Vulkaneifel
07233062,Saxler,72335001,Daun,Verbandsgemeinde,Vulkaneifel
07233063,Schalkenmehren,72335001,Daun,Verbandsgemeinde,Vulkaneifel
07233064,Schönbach,72335001,Daun,Verbandsgemeinde,Vulkaneifel
07233065,Schutz,72335001,Daun,Verbandsgemeinde,Vulkaneifel
07233067,Steineberg,72335001,Daun,Verbandsgemeinde,Vulkaneifel
07233068,Steiningen,72335001,Daun,Verbandsgemeinde,Vulkaneifel
07233070,Strohn,72335001,Daun,Verbandsgemeinde,Vulkaneifel
07233071,Strotzbüsch,72335001,Daun,Verbandsgemeinde,Vulkaneifel
07233074,Udler,72335001,Daun,Verbandsgemeinde,Vulkaneifel
07233075,Üdersdorf,72335001,Daun,Verbandsgemeinde,Vulkaneifel
07233077,Utzerath,72335001,Daun,Verbandsgemeinde,Vulkaneifel
07233079,Wallenborn,72335001,Daun,Verbandsgemeinde,Vulkaneifel
07233081,Weidenbach,72335001,Daun,Verbandsgemeinde,Vulkaneifel
07233084,Winkel (Eifel),72335001,Daun,Verbandsgemeinde,Vulkaneifel
07233501,Daun,72335001,Daun,Verbandsgemeinde,Vulkaneifel
07233003,Beinhausen,72335004,Kelberg,Verbandsgemeinde,Vulkaneifel
07233010,Boxberg,72335004,Kelberg,Verbandsgemeinde,Vulkaneifel
07233032,Hörschhausen,72335004,Kelberg,Verbandsgemeinde,Vulkaneifel
07233037,Katzwinkel,72335004,Kelberg,Verbandsgemeinde,Vulkaneifel
07233048,Neichen,72335004,Kelberg,Verbandsgemeinde,Vulkaneifel
07233201,Arbach,72335004,Kelberg,Verbandsgemeinde,Vulkaneifel
07233202,Bereborn,72335004,Kelberg,Verbandsgemeinde,Vulkaneifel
07233203,Berenbach,72335004,Kelberg,Verbandsgemeinde,Vulkaneifel
07233205,Bodenbach,72335004,Kelberg,Verbandsgemeinde,Vulkaneifel
07233206,Bongard,72335004,Kelberg,Verbandsgemeinde,Vulkaneifel
07233207,Borler,72335004,Kelberg,Verbandsgemeinde,Vulkaneifel
07233208,Brücktal,72335004,Kelberg,Verbandsgemeinde,Vulkaneifel
07233210,Drees,72335004,Kelberg,Verbandsgemeinde,Vulkaneifel
07233212,Gelenberg,72335004,Kelberg,Verbandsgemeinde,Vulkaneifel
07233213,Gunderath,72335004,Kelberg,Verbandsgemeinde,Vulkaneifel
07233215,Höchstberg,72335004,Kelberg,Verbandsgemeinde,Vulkaneifel
07233216,Horperath,72335004,Kelberg,Verbandsgemeinde,Vulkaneifel
07233217,Kaperich,72335004,Kelberg,Verbandsgemeinde,Vulkaneifel
07233218,Kelberg,72335004,Kelberg,Verbandsgemeinde,Vulkaneifel
07233220,Kirsbach,72335004,Kelberg,Verbandsgemeinde,Vulkaneifel
07233221,Kötterichen,72335004,Kelberg,Verbandsgemeinde,Vulkaneifel
07233222,Kolverath,72335004,Kelberg,Verbandsgemeinde,Vulkaneifel
07233224,Lirstal,72335004,Kelberg,Verbandsgemeinde,Vulkaneifel
07233225,Mannebach,72335004,Kelberg,Verbandsgemeinde,Vulkaneifel
07233226,Mosbruch,72335004,Kelberg,Verbandsgemeinde,Vulkaneifel
07233228,Nitz,72335004,Kelberg,Verbandsgemeinde,Vulkaneifel
07233230,Oberelz,72335004,Kelberg,Verbandsgemeinde,Vulkaneifel
07233233,Reimerath,72335004,Kelberg,Verbandsgemeinde,Vulkaneifel
07233234,Retterath,72335004,Kelberg,Verbandsgemeinde,Vulkaneifel
07233236,Sassen,72335004,Kelberg,Verbandsgemeinde,Vulkaneifel
07233242,Uersfeld,72335004,Kelberg,Verbandsgemeinde,Vulkaneifel
07233243,Ueß,72335004,Kelberg,Verbandsgemeinde,Vulkaneifel
07233244,Welcherath,72335004,Kelberg,Verbandsgemeinde,Vulkaneifel
07233002,Basberg,72335006,Gerolstein,Verbandsgemeinde,Vulkaneifel
07233004,Berlingen,72335006,Gerolstein,Verbandsgemeinde,Vulkaneifel
07233005,Berndorf,72335006,Gerolstein,Verbandsgemeinde,Vulkaneifel
07233007,Birgel,72335006,Gerolstein,Verbandsgemeinde,Vulkaneifel
07233019,Dohm-Lammersdorf,72335006,Gerolstein,Verbandsgemeinde,Vulkaneifel
07233022,Esch,72335006,Gerolstein,Verbandsgemeinde,Vulkaneifel
07233023,Feusdorf,72335006,Gerolstein,Verbandsgemeinde,Vulkaneifel
07233026,Gerolstein,72335006,Gerolstein,Verbandsgemeinde,Vulkaneifel
07233028,Gönnersdorf,72335006,Gerolstein,Verbandsgemeinde,Vulkaneifel
07233029,Hillesheim,72335006,Gerolstein,Verbandsgemeinde,Vulkaneifel
07233033,Hohenfels-Essingen,72335006,Gerolstein,Verbandsgemeinde,Vulkaneifel
07233035,Jünkerath,72335006,Gerolstein,Verbandsgemeinde,Vulkaneifel
07233036,Kalenborn-Scheuern,72335006,Gerolstein,Verbandsgemeinde,Vulkaneifel
07233038,Kerpen (Eifel),72335006,Gerolstein,Verbandsgemeinde,Vulkaneifel
07233041,Lissendorf,72335006,Gerolstein,Verbandsgemeinde,Vulkaneifel
07233050,Neroth,72335006,Gerolstein,Verbandsgemeinde,Vulkaneifel
07233053,Oberbettingen,72335006,Gerolstein,Verbandsgemeinde,Vulkaneifel
07233054,Oberehe-Stroheich,72335006,Gerolstein,Verbandsgemeinde,Vulkaneifel
07233056,Pelm,72335006,Gerolstein,Verbandsgemeinde,Vulkaneifel
07233058,Rockeskyll,72335006,Gerolstein,Verbandsgemeinde,Vulkaneifel
07233060,Salm,72335006,Gerolstein,Verbandsgemeinde,Vulkaneifel
07233076,Üxheim,72335006,Gerolstein,Verbandsgemeinde,Vulkaneifel
07233080,Walsdorf,72335006,Gerolstein,Verbandsgemeinde,Vulkaneifel
07233083,Wiesbaum,72335006,Gerolstein,Verbandsgemeinde,Vulkaneifel
07233204,Birresborn,72335006,Gerolstein,Verbandsgemeinde,Vulkaneifel
07233209,Densborn,72335006,Gerolstein,Verbandsgemeinde,Vulkaneifel
07233211,Duppach,72335006,Gerolstein,Verbandsgemeinde,Vulkaneifel
07233214,Hallschlag,72335006,Gerolstein,Verbandsgemeinde,Vulkaneifel
07233219,Kerschenbach,72335006,Gerolstein,Verbandsgemeinde,Vulkaneifel
07233223,Kopp,72335006,Gerolstein,Verbandsgemeinde,Vulkaneifel
07233227,Mürlenbach,72335006,Gerolstein,Verbandsgemeinde,Vulkaneifel
07233229,Nohn,72335006,Gerolstein,Verbandsgemeinde,Vulkaneifel
07233232,Ormont,72335006,Gerolstein,Verbandsgemeinde,Vulkaneifel
07233235,Reuth,72335006,Gerolstein,Verbandsgemeinde,Vulkaneifel
07233237,Scheid,72335006,Gerolstein,Verbandsgemeinde,Vulkaneifel
07233239,Schüller,72335006,Gerolstein,Verbandsgemeinde,Vulkaneifel
07233240,Stadtkyll,72335006,Gerolstein,Verbandsgemeinde,Vulkaneifel
07233241,Steffeln,72335006,Gerolstein,Verbandsgemeinde,Vulkaneifel
07235005,Bescheid,72355001,Hermeskeil,Verbandsgemeinde,Trier-Saarburg
07235008,Beuren (Hochwald),72355001,Hermeskeil,Verbandsgemeinde,Trier-Saarburg
07235014,Damflos,72355001,Hermeskeil,Verbandsgemeinde,Trier-Saarburg
07235030,Geisfeld,72355001,Hermeskeil,Verbandsgemeinde,Trier-Saarburg
07235035,Grimburg,72355001,Hermeskeil,Verbandsgemeinde,Trier-Saarburg
07235036,Gusenburg,72355001,Hermeskeil,Verbandsgemeinde,Trier-Saarburg
07235045,Hermeskeil,72355001,Hermeskeil,Verbandsgemeinde,Trier-Saarburg
07235047,Hinzert-Pölert,72355001,Hermeskeil,Verbandsgemeinde,Trier-Saarburg
07235092,Naurath (Wald),72355001,Hermeskeil,Verbandsgemeinde,Trier-Saarburg
07235093,Neuhütten,72355001,Hermeskeil,Verbandsgemeinde,Trier-Saarburg
07235112,Rascheid,72355001,Hermeskeil,Verbandsgemeinde,Trier-Saarburg
07235114,Reinsfeld,72355001,Hermeskeil,Verbandsgemeinde,Trier-Saarburg
07235153,Züsch,72355001,Hermeskeil,Verbandsgemeinde,Trier-Saarburg
07235055,Kanzem,72355003,Konz,Verbandsgemeinde,Trier-Saarburg
07235068,Konz,72355003,Konz,Verbandsgemeinde,Trier-Saarburg
07235095,Nittel,72355003,Konz,Verbandsgemeinde,Trier-Saarburg
07235096,Oberbillig,72355003,Konz,Verbandsgemeinde,Trier-Saarburg
07235101,Onsdorf,72355003,Konz,Verbandsgemeinde,Trier-Saarburg
07235106,Pellingen,72355003,Konz,Verbandsgemeinde,Trier-Saarburg
07235132,Tawern,72355003,Konz,Verbandsgemeinde,Trier-Saarburg
07235133,Temmels,72355003,Konz,Verbandsgemeinde,Trier-Saarburg
07235143,Wasserliesch,72355003,Konz,Verbandsgemeinde,Trier-Saarburg
07235144,Wawern,72355003,Konz,Verbandsgemeinde,Trier-Saarburg
07235146,Wellen,72355003,Konz,Verbandsgemeinde,Trier-Saarburg
07235148,Wiltingen,72355003,Konz,Verbandsgemeinde,Trier-Saarburg
07235010,Bonerath,72355004,Ruwer,Verbandsgemeinde,Trier-Saarburg
07235021,Farschweiler,72355004,Ruwer,Verbandsgemeinde,Trier-Saarburg
07235037,Gusterath,72355004,Ruwer,Verbandsgemeinde,Trier-Saarburg
07235038,Gutweiler,72355004,Ruwer,Verbandsgemeinde,Trier-Saarburg
07235044,Herl,72355004,Ruwer,Verbandsgemeinde,Trier-Saarburg
07235046,Hinzenburg,72355004,Ruwer,Verbandsgemeinde,Trier-Saarburg
07235050,Holzerath,72355004,Ruwer,Verbandsgemeinde,Trier-Saarburg
07235056,Kasel,72355004,Ruwer,Verbandsgemeinde,Trier-Saarburg
07235070,Korlingen,72355004,Ruwer,Verbandsgemeinde,Trier-Saarburg
07235080,Lorscheid,72355004,Ruwer,Verbandsgemeinde,Trier-Saarburg
07235085,Mertesdorf,72355004,Ruwer,Verbandsgemeinde,Trier-Saarburg
07235090,Morscheid,72355004,Ruwer,Verbandsgemeinde,Trier-Saarburg
07235100,Ollmuth,72355004,Ruwer,Verbandsgemeinde,Trier-Saarburg
07235103,Osburg,72355004,Ruwer,Verbandsgemeinde,Trier-Saarburg
07235107,Pluwig,72355004,Ruwer,Verbandsgemeinde,Trier-Saarburg
07235116,Riveris,72355004,Ruwer,Verbandsgemeinde,Trier-Saarburg
07235124,Schöndorf,72355004,Ruwer,Verbandsgemeinde,Trier-Saarburg
07235129,Sommerau,72355004,Ruwer,Verbandsgemeinde,Trier-Saarburg
07235135,Thomm,72355004,Ruwer,Verbandsgemeinde,Trier-Saarburg
07235141,Waldrach,72355004,Ruwer,Verbandsgemeinde,Trier-Saarburg
07235004,Bekond,72355006,Schweich an der Römischen Weinstraße,Verbandsgemeinde,Trier-Saarburg
07235015,Detzem,72355006,Schweich an der Römischen Weinstraße,Verbandsgemeinde,Trier-Saarburg
07235019,Ensch,72355006,Schweich an der Römischen Weinstraße,Verbandsgemeinde,Trier-Saarburg
07235022,Fell,72355006,Schweich an der Römischen Weinstraße,Verbandsgemeinde,Trier-Saarburg
07235026,Föhren,72355006,Schweich an der Römischen Weinstraße,Verbandsgemeinde,Trier-Saarburg
07235060,Kenn,72355006,Schweich an der Römischen Weinstraße,Verbandsgemeinde,Trier-Saarburg
07235063,Klüsserath,72355006,Schweich an der Römischen Weinstraße,Verbandsgemeinde,Trier-Saarburg
07235067,Köwerich,72355006,Schweich an der Römischen Weinstraße,Verbandsgemeinde,Trier-Saarburg
07235074,Leiwen,72355006,Schweich an der Römischen Weinstraße,Verbandsgemeinde,Trier-Saarburg
07235077,Longen,72355006,Schweich an der Römischen Weinstraße,Verbandsgemeinde,Trier-Saarburg
07235078,Longuich,72355006,Schweich an der Römischen Weinstraße,Verbandsgemeinde,Trier-Saarburg
07235083,Mehring,72355006,Schweich an der Römischen Weinstraße,Verbandsgemeinde,Trier-Saarburg
07235091,Naurath (Eifel),72355006,Schweich an der Römischen Weinstraße,Verbandsgemeinde,Trier-Saarburg
07235108,Pölich,72355006,Schweich an der Römischen Weinstraße,Verbandsgemeinde,Trier-Saarburg
07235115,Riol,72355006,Schweich an der Römischen Weinstraße,Verbandsgemeinde,Trier-Saarburg
07235120,Schleich,72355006,Schweich an der Römischen Weinstraße,Verbandsgemeinde,Trier-Saarburg
07235125,Schweich,72355006,Schweich an der Römischen Weinstraße,Verbandsgemeinde,Trier-Saarburg
07235134,Thörnich,72355006,Schweich an der Römischen Weinstraße,Verbandsgemeinde,Trier-Saarburg
07235207,Trittenheim,72355006,Schweich an der Römischen Weinstraße,Verbandsgemeinde,Trier-Saarburg
07235001,Aach,72355007,Trier-Land,Verbandsgemeinde,Trier-Saarburg
07235027,Franzenheim,72355007,Trier-Land,Verbandsgemeinde,Trier-Saarburg
07235048,Hockweiler,72355007,Trier-Land,Verbandsgemeinde,Trier-Saarburg
07235051,Igel,72355007,Trier-Land,Verbandsgemeinde,Trier-Saarburg
07235069,Kordel,72355007,Trier-Land,Verbandsgemeinde,Trier-Saarburg
07235073,Langsur,72355007,Trier-Land,Verbandsgemeinde,Trier-Saarburg
07235094,Newel,72355007,Trier-Land,Verbandsgemeinde,Trier-Saarburg
07235111,Ralingen,72355007,Trier-Land,Verbandsgemeinde,Trier-Saarburg
07235137,Trierweiler,72355007,Trier-Land,Verbandsgemeinde,Trier-Saarburg
07235151,Zemmer,72355007,Trier-Land,Verbandsgemeinde,Trier-Saarburg
07235501,Welschbillig,72355007,Trier-Land,Verbandsgemeinde,Trier-Saarburg
07235002,Ayl,72355008,Saarburg-Kell,Verbandsgemeinde,Trier-Saarburg
07235003,Baldringen,72355008,Saarburg-Kell,Verbandsgemeinde,Trier-Saarburg
07235025,Fisch,72355008,Saarburg-Kell,Verbandsgemeinde,Trier-Saarburg
07235028,Freudenburg,72355008,Saarburg-Kell,Verbandsgemeinde,Trier-Saarburg
07235033,Greimerath,72355008,Saarburg-Kell,Verbandsgemeinde,Trier-Saarburg
07235040,Heddert,72355008,Saarburg-Kell,Verbandsgemeinde,Trier-Saarburg
07235043,Hentern,72355008,Saarburg-Kell,Verbandsgemeinde,Trier-Saarburg
07235052,Irsch,72355008,Saarburg-Kell,Verbandsgemeinde,Trier-Saarburg
07235057,Kastel-Staadt,72355008,Saarburg-Kell,Verbandsgemeinde,Trier-Saarburg
07235058,Kell am See,72355008,Saarburg-Kell,Verbandsgemeinde,Trier-Saarburg
07235062,Kirf,72355008,Saarburg-Kell,Verbandsgemeinde,Trier-Saarburg
07235072,Lampaden,72355008,Saarburg-Kell,Verbandsgemeinde,Trier-Saarburg
07235081,Mandern,72355008,Saarburg-Kell,Verbandsgemeinde,Trier-Saarburg
07235082,Mannebach,72355008,Saarburg-Kell,Verbandsgemeinde,Trier-Saarburg
07235098,Ockfen,72355008,Saarburg-Kell,Verbandsgemeinde,Trier-Saarburg
07235104,Palzem,72355008,Saarburg-Kell,Verbandsgemeinde,Trier-Saarburg
07235105,Paschel,72355008,Saarburg-Kell,Verbandsgemeinde,Trier-Saarburg
07235118,Saarburg,72355008,Saarburg-Kell,Verbandsgemeinde,Trier-Saarburg
07235119,Schillingen,72355008,Saarburg-Kell,Verbandsgemeinde,Trier-Saarburg
07235122,Schoden,72355008,Saarburg-Kell,Verbandsgemeinde,Trier-Saarburg
07235123,Schömerich,72355008,Saarburg-Kell,Verbandsgemeinde,Trier-Saarburg
07235126,Serrig,72355008,Saarburg-Kell,Verbandsgemeinde,Trier-Saarburg
07235131,Taben-Rodt,72355008,Saarburg-Kell,Verbandsgemeinde,Trier-Saarburg
07235136,Trassem,72355008,Saarburg-Kell,Verbandsgemeinde,Trier-Saarburg
07235140,Vierherrenborn,72355008,Saarburg-Kell,Verbandsgemeinde,Trier-Saarburg
07235142,Waldweiler,72355008,Saarburg-Kell,Verbandsgemeinde,Trier-Saarburg
07235149,Wincheringen,72355008,Saarburg-Kell,Verbandsgemeinde,Trier-Saarburg
07235152,Zerf,72355008,Saarburg-Kell,Verbandsgemeinde,Trier-Saarburg
07235154,Merzkirchen,72355008,Saarburg-Kell,Verbandsgemeinde,Trier-Saarburg
07311000,Frankenthal (Pfalz),73110000,Frankenthal (Pfalz),Verbandsfreie Gemeinde,Frankenthal (Pfalz)
07312000,Kaiserslautern,73120000,Kaiserslautern,Verbandsfreie Gemeinde,Kaiserslautern
07313000,Landau in der Pfalz,73130000,Landau in der Pfalz,Verbandsfreie Gemeinde,Landau in der Pfalz
07314000,Ludwigshafen am Rhein,73140000,Ludwigshafen am Rhein,Verbandsfreie Gemeinde,Ludwigshafen am Rhein
07315000,Mainz,73150000,Mainz,Verbandsfreie Gemeinde,Mainz
07316000,Neustadt an der Weinstraße,73160000,Neustadt an der Weinstraße,Verbandsfreie Gemeinde,Neustadt an der Weinstraße
07317000,Pirmasens,73170000,Pirmasens,Verbandsfreie Gemeinde,Pirmasens
07318000,Speyer,73180000,Speyer,Verbandsfreie Gemeinde,Speyer
07319000,Worms,73190000,Worms,Verbandsfreie Gemeinde,Worms
07320000,Zweibrücken,73200000,Zweibrücken,Verbandsfreie Gemeinde,Zweibrücken
07331003,Alzey,73310003,Alzey,Verbandsfreie Gemeinde,Alzey-Worms
07331001,Albig,73315001,Alzey-Land,Verbandsgemeinde,Alzey-Worms
07331005,Bechenheim,73315001,Alzey-Land,Verbandsgemeinde,Alzey-Worms
07331007,Bechtolsheim,73315001,Alzey-Land,Verbandsgemeinde,Alzey-Worms
07331008,Bermersheim vor der Höhe,73315001,Alzey-Land,Verbandsgemeinde,Alzey-Worms
07331010,Biebelnheim,73315001,Alzey-Land,Verbandsgemeinde,Alzey-Worms
07331012,Bornheim,73315001,Alzey-Land,Verbandsgemeinde,Alzey-Worms
07331014,Dintesheim,73315001,Alzey-Land,Verbandsgemeinde,Alzey-Worms
07331020,Eppelsheim,73315001,Alzey-Land,Verbandsgemeinde,Alzey-Worms
07331021,Erbes-Büdesheim,73315001,Alzey-Land,Verbandsgemeinde,Alzey-Worms
07331022,Esselborn,73315001,Alzey-Land,Verbandsgemeinde,Alzey-Worms
07331024,Flomborn,73315001,Alzey-Land,Verbandsgemeinde,Alzey-Worms
07331025,Flonheim,73315001,Alzey-Land,Verbandsgemeinde,Alzey-Worms
07331026,Framersheim,73315001,Alzey-Land,Verbandsgemeinde,Alzey-Worms
07331027,Freimersheim,73315001,Alzey-Land,Verbandsgemeinde,Alzey-Worms
07331031,Gau-Heppenheim,73315001,Alzey-Land,Verbandsgemeinde,Alzey-Worms
07331032,Gau-Odernheim,73315001,Alzey-Land,Verbandsgemeinde,Alzey-Worms
07331042,Kettenheim,73315001,Alzey-Land,Verbandsgemeinde,Alzey-Worms
07331043,Lonsheim,73315001,Alzey-Land,Verbandsgemeinde,Alzey-Worms
07331044,Mauchenheim,73315001,Alzey-Land,Verbandsgemeinde,Alzey-Worms
07331050,Nack,73315001,Alzey-Land,Verbandsgemeinde,Alzey-Worms
07331051,Nieder-Wiesen,73315001,Alzey-Land,Verbandsgemeinde,Alzey-Worms
07331052,Ober-Flörsheim,73315001,Alzey-Land,Verbandsgemeinde,Alzey-Worms
07331053,Offenheim,73315001,Alzey-Land,Verbandsgemeinde,Alzey-Worms
07331067,Wahlheim,73315001,Alzey-Land,Verbandsgemeinde,Alzey-Worms
07331002,Alsheim,73315002,Eich,Verbandsgemeinde,Alzey-Worms
07331018,Eich,73315002,Eich,Verbandsgemeinde,Alzey-Worms
07331034,Gimbsheim,73315002,Eich,Verbandsgemeinde,Alzey-Worms
07331038,Hamm am Rhein,73315002,Eich,Verbandsgemeinde,Alzey-Worms
07331045,Mettenheim,73315002,Eich,Verbandsgemeinde,Alzey-Worms
07331023,Flörsheim-Dalsheim,73315003,Monsheim,Verbandsgemeinde,Alzey-Worms
07331041,Hohen-Sülzen,73315003,Monsheim,Verbandsgemeinde,Alzey-Worms
07331046,Mölsheim,73315003,Monsheim,Verbandsgemeinde,Alzey-Worms
07331047,Mörstadt,73315003,Monsheim,Verbandsgemeinde,Alzey-Worms
07331048,Monsheim,73315003,Monsheim,Verbandsgemeinde,Alzey-Worms
07331054,Offstein,73315003,Monsheim,Verbandsgemeinde,Alzey-Worms
07331066,Wachenheim,73315003,Monsheim,Verbandsgemeinde,Alzey-Worms
07331017,Eckelsheim,73315005,Wöllstein,Verbandsgemeinde,Alzey-Worms
07331030,Gau-Bickelheim,73315005,Wöllstein,Verbandsgemeinde,Alzey-Worms
07331035,Gumbsheim,73315005,Wöllstein,Verbandsgemeinde,Alzey-Worms
07331060,Siefersheim,73315005,Wöllstein,Verbandsgemeinde,Alzey-Worms
07331062,Stein-Bockenheim,73315005,Wöllstein,Verbandsgemeinde,Alzey-Worms
07331070,Wendelsheim,73315005,Wöllstein,Verbandsgemeinde,Alzey-Worms
07331072,Wöllstein,73315005,Wöllstein,Verbandsgemeinde,Alzey-Worms
07331075,Wonsheim,73315005,Wöllstein,Verbandsgemeinde,Alzey-Worms
07331004,Armsheim,73315006,Wörrstadt,Verbandsgemeinde,Alzey-Worms
07331019,Ensheim,73315006,Wörrstadt,Verbandsgemeinde,Alzey-Worms
07331029,Gabsheim,73315006,Wörrstadt,Verbandsgemeinde,Alzey-Worms
07331033,Gau-Weinheim,73315006,Wörrstadt,Verbandsgemeinde,Alzey-Worms
07331056,Partenheim,73315006,Wörrstadt,Verbandsgemeinde,Alzey-Worms
07331058,Saulheim,73315006,Wörrstadt,Verbandsgemeinde,Alzey-Worms
07331059,Schornsheim,73315006,Wörrstadt,Verbandsgemeinde,Alzey-Worms
07331061,Spiesheim,73315006,Wörrstadt,Verbandsgemeinde,Alzey-Worms
07331063,Sulzheim,73315006,Wörrstadt,Verbandsgemeinde,Alzey-Worms
07331064,Udenheim,73315006,Wörrstadt,Verbandsgemeinde,Alzey-Worms
07331065,Vendersheim,73315006,Wörrstadt,Verbandsgemeinde,Alzey-Worms
07331068,Wallertheim,73315006,Wörrstadt,Verbandsgemeinde,Alzey-Worms
07331073,Wörrstadt,73315006,Wörrstadt,Verbandsgemeinde,Alzey-Worms
07331006,Bechtheim,73315007,Wonnegau,Verbandsgemeinde,Alzey-Worms
07331009,Bermersheim,73315007,Wonnegau,Verbandsgemeinde,Alzey-Worms
07331011,Hochborn,73315007,Wonnegau,Verbandsgemeinde,Alzey-Worms
07331015,Dittelsheim-Heßloch,73315007,Wonnegau,Verbandsgemeinde,Alzey-Worms
07331028,Frettenheim,73315007,Wonnegau,Verbandsgemeinde,Alzey-Worms
07331036,Gundersheim,73315007,Wonnegau,Verbandsgemeinde,Alzey-Worms
07331037,Gundheim,73315007,Wonnegau,Verbandsgemeinde,Alzey-Worms
07331039,Hangen-Weisheim,73315007,Wonnegau,Verbandsgemeinde,Alzey-Worms
07331049,Monzernheim,73315007,Wonnegau,Verbandsgemeinde,Alzey-Worms
07331055,Osthofen,73315007,Wonnegau,Verbandsgemeinde,Alzey-Worms
07331071,Westhofen,73315007,Wonnegau,Verbandsgemeinde,Alzey-Worms
07332002,Bad Dürkheim,73320002,Bad Dürkheim,Verbandsfreie Gemeinde,Bad Dürkheim
07332024,Grünstadt,73320024,Grünstadt,Verbandsfreie Gemeinde,Bad Dürkheim
07332025,Haßloch,73320025,Haßloch,Verbandsfreie Gemeinde,Bad Dürkheim
07332009,Deidesheim,73325001,Deidesheim,Verbandsgemeinde,Bad Dürkheim
07332017,Forst an der Weinstraße,73325001,Deidesheim,Verbandsgemeinde,Bad Dürkheim
07332035,Meckenheim,73325001,Deidesheim,Verbandsgemeinde,Bad Dürkheim
07332039,Niederkirchen bei Deidesheim,73325001,Deidesheim,Verbandsgemeinde,Bad Dürkheim
07332043,Ruppertsberg,73325001,Deidesheim,Verbandsgemeinde,Bad Dürkheim
07332005,Bobenheim am Berg,73325002,Freinsheim,Verbandsgemeinde,Bad Dürkheim
07332008,Dackenheim,73325002,Freinsheim,Verbandsgemeinde,Bad Dürkheim
07332015,Erpolzheim,73325002,Freinsheim,Verbandsgemeinde,Bad Dürkheim
07332019,Freinsheim,73325002,Freinsheim,Verbandsgemeinde,Bad Dürkheim
07332026,Herxheim am Berg,73325002,Freinsheim,Verbandsgemeinde,Bad Dürkheim
07332028,Kallstadt,73325002,Freinsheim,Verbandsgemeinde,Bad Dürkheim
07332049,Weisenheim am Berg,73325002,Freinsheim,Verbandsgemeinde,Bad Dürkheim
07332050,Weisenheim am Sand,73325002,Freinsheim,Verbandsgemeinde,Bad Dürkheim
07332014,Elmstein,73325005,Lambrecht (Pfalz),Verbandsgemeinde,Bad Dürkheim
07332016,Esthal,73325005,Lambrecht (Pfalz),Verbandsgemeinde,Bad Dürkheim
07332018,Frankeneck,73325005,Lambrecht (Pfalz),Verbandsgemeinde,Bad Dürkheim
07332032,Lambrecht (Pfalz),73325005,Lambrecht (Pfalz),Verbandsgemeinde,Bad Dürkheim
07332034,Lindenberg,73325005,Lambrecht (Pfalz),Verbandsgemeinde,Bad Dürkheim
07332037,Neidenfels,73325005,Lambrecht (Pfalz),Verbandsgemeinde,Bad Dürkheim
07332048,Weidenthal,73325005,Lambrecht (Pfalz),Verbandsgemeinde,Bad Dürkheim
07332013,Ellerstadt,73325006,Wachenheim an der Weinstraße,Verbandsgemeinde,Bad Dürkheim
07332020,Friedelsheim,73325006,Wachenheim an der Weinstraße,Verbandsgemeinde,Bad Dürkheim
07332022,Gönnheim,73325006,Wachenheim an der Weinstraße,Verbandsgemeinde,Bad Dürkheim
07332046,Wachenheim an der Weinstraße,73325006,Wachenheim an der Weinstraße,Verbandsgemeinde,Bad Dürkheim
07332001,Altleiningen,73325007,Leiningerland,Verbandsgemeinde,Bad Dürkheim
07332003,Battenberg (Pfalz),73325007,Leiningerland,Verbandsgemeinde,Bad Dürkheim
07332004,Bissersheim,73325007,Leiningerland,Verbandsgemeinde,Bad Dürkheim
07332006,Bockenheim an der Weinstraße,73325007,Leiningerland,Verbandsgemeinde,Bad Dürkheim
07332007,Carlsberg,73325007,Leiningerland,Verbandsgemeinde,Bad Dürkheim
07332010,Dirmstein,73325007,Leiningerland,Verbandsgemeinde,Bad Dürkheim
07332012,Ebertsheim,73325007,Leiningerland,Verbandsgemeinde,Bad Dürkheim
07332021,Gerolsheim,73325007,Leiningerland,Verbandsgemeinde,Bad Dürkheim
07332023,Großkarlbach,73325007,Leiningerland,Verbandsgemeinde,Bad Dürkheim
07332027,Hettenleidelheim,73325007,Leiningerland,Verbandsgemeinde,Bad Dürkheim
07332029,Kindenheim,73325007,Leiningerland,Verbandsgemeinde,Bad Dürkheim
07332030,Kirchheim an der Weinstraße,73325007,Leiningerland,Verbandsgemeinde,Bad Dürkheim
07332031,Kleinkarlbach,73325007,Leiningerland,Verbandsgemeinde,Bad Dürkheim
07332033,Laumersheim,73325007,Leiningerland,Verbandsgemeinde,Bad Dürkheim
07332036,Mertesheim,73325007,Leiningerland,Verbandsgemeinde,Bad Dürkheim
07332038,Neuleiningen,73325007,Leiningerland,Verbandsgemeinde,Bad Dürkheim
07332040,Obersülzen,73325007,Leiningerland,Verbandsgemeinde,Bad Dürkheim
07332041,Obrigheim (Pfalz),73325007,Leiningerland,Verbandsgemeinde,Bad Dürkheim
07332042,Quirnheim,73325007,Leiningerland,Verbandsgemeinde,Bad Dürkheim
07332044,Tiefenthal,73325007,Leiningerland,Verbandsgemeinde,Bad Dürkheim
07332047,Wattenheim,73325007,Leiningerland,Verbandsgemeinde,Bad Dürkheim
07333019,Eisenberg (Pfalz),73335002,Eisenberg (Pfalz),Verbandsgemeinde,Donnersbergkreis
07333038,Kerzenheim,73335002,Eisenberg (Pfalz),Verbandsgemeinde,Donnersbergkreis
07333060,Ramsen,73335002,Eisenberg (Pfalz),Verbandsgemeinde,Donnersbergkreis
07333001,Albisheim (Pfrimm),73335003,Göllheim,Verbandsgemeinde,Donnersbergkreis
07333006,Biedesheim,73335003,Göllheim,Verbandsgemeinde,Donnersbergkreis
07333012,Bubenheim,73335003,Göllheim,Verbandsgemeinde,Donnersbergkreis
07333017,Dreisen,73335003,Göllheim,Verbandsgemeinde,Donnersbergkreis
07333018,Einselthum,73335003,Göllheim,Verbandsgemeinde,Donnersbergkreis
07333026,Göllheim,73335003,Göllheim,Verbandsgemeinde,Donnersbergkreis
07333032,Immesheim,73335003,Göllheim,Verbandsgemeinde,Donnersbergkreis
07333041,Lautersheim,73335003,Göllheim,Verbandsgemeinde,Donnersbergkreis
07333058,Ottersheim,73335003,Göllheim,Verbandsgemeinde,Donnersbergkreis
07333064,Rüssingen,73335003,Göllheim,Verbandsgemeinde,Donnersbergkreis
07333074,Standenbühl,73335003,Göllheim,Verbandsgemeinde,Donnersbergkreis
07333081,Weitersweiler,73335003,Göllheim,Verbandsgemeinde,Donnersbergkreis
07333501,Zellertal,73335003,Göllheim,Verbandsgemeinde,Donnersbergkreis
07333005,Bennhausen,73335004,Kirchheimbolanden,Verbandsgemeinde,Donnersbergkreis
07333007,Bischheim,73335004,Kirchheimbolanden,Verbandsgemeinde,Donnersbergkreis
07333010,Bolanden,73335004,Kirchheimbolanden,Verbandsgemeinde,Donnersbergkreis
07333013,Dannenfels,73335004,Kirchheimbolanden,Verbandsgemeinde,Donnersbergkreis
07333022,Gauersheim,73335004,Kirchheimbolanden,Verbandsgemeinde,Donnersbergkreis
07333031,Ilbesheim,73335004,Kirchheimbolanden,Verbandsgemeinde,Donnersbergkreis
07333035,Jakobsweiler,73335004,Kirchheimbolanden,Verbandsgemeinde,Donnersbergkreis
07333039,Kirchheimbolanden,73335004,Kirchheimbolanden,Verbandsgemeinde,Donnersbergkreis
07333040,Kriegsfeld,73335004,Kirchheimbolanden,Verbandsgemeinde,Donnersbergkreis
07333045,Marnheim,73335004,Kirchheimbolanden,Verbandsgemeinde,Donnersbergkreis
07333046,Mörsfeld,73335004,Kirchheimbolanden,Verbandsgemeinde,Donnersbergkreis
07333047,Morschheim,73335004,Kirchheimbolanden,Verbandsgemeinde,Donnersbergkreis
07333056,Oberwiesen,73335004,Kirchheimbolanden,Verbandsgemeinde,Donnersbergkreis
07333057,Orbis,73335004,Kirchheimbolanden,Verbandsgemeinde,Donnersbergkreis
07333062,Rittersheim,73335004,Kirchheimbolanden,Verbandsgemeinde,Donnersbergkreis
07333076,Stetten,73335004,Kirchheimbolanden,Verbandsgemeinde,Donnersbergkreis
07333009,Börrstadt,73335006,Winnweiler,Verbandsgemeinde,Donnersbergkreis
07333011,Breunigweiler,73335006,Winnweiler,Verbandsgemeinde,Donnersbergkreis
07333020,Falkenstein,73335006,Winnweiler,Verbandsgemeinde,Donnersbergkreis
07333027,Gonbach,73335006,Winnweiler,Verbandsgemeinde,Donnersbergkreis
07333030,Höringen,73335006,Winnweiler,Verbandsgemeinde,Donnersbergkreis
07333033,Imsbach,73335006,Winnweiler,Verbandsgemeinde,Donnersbergkreis
07333042,Lohnsfeld,73335006,Winnweiler,Verbandsgemeinde,Donnersbergkreis
07333048,Münchweiler an der Alsenz,73335006,Winnweiler,Verbandsgemeinde,Donnersbergkreis
07333069,Schweisweiler,73335006,Winnweiler,Verbandsgemeinde,Donnersbergkreis
07333071,Sippersfeld,73335006,Winnweiler,Verbandsgemeinde,Donnersbergkreis
07333075,Steinbach am Donnersberg,73335006,Winnweiler,Verbandsgemeinde,Donnersbergkreis
07333080,Wartenberg-Rohrbach,73335006,Winnweiler,Verbandsgemeinde,Donnersbergkreis
07333503,Winnweiler,73335006,Winnweiler,Verbandsgemeinde,Donnersbergkreis
07333003,Alsenz,73335007,Nordpfälzer Land,Verbandsgemeinde,Donnersbergkreis
07333004,Bayerfeld-Steckweiler,73335007,Nordpfälzer Land,Verbandsgemeinde,Donnersbergkreis
07333008,Bisterschied,73335007,Nordpfälzer Land,Verbandsgemeinde,Donnersbergkreis
07333014,Dielkirchen,73335007,Nordpfälzer Land,Verbandsgemeinde,Donnersbergkreis
07333016,Dörrmoschel,73335007,Nordpfälzer Land,Verbandsgemeinde,Donnersbergkreis
07333021,Finkenbach-Gersweiler,73335007,Nordpfälzer Land,Verbandsgemeinde,Donnersbergkreis
07333023,Gaugrehweiler,73335007,Nordpfälzer Land,Verbandsgemeinde,Donnersbergkreis
07333024,Gehrweiler,73335007,Nordpfälzer Land,Verbandsgemeinde,Donnersbergkreis
07333025,Gerbach,73335007,Nordpfälzer Land,Verbandsgemeinde,Donnersbergkreis
07333028,Gundersweiler,73335007,Nordpfälzer Land,Verbandsgemeinde,Donnersbergkreis
07333034,Imsweiler,73335007,Nordpfälzer Land,Verbandsgemeinde,Donnersbergkreis
07333036,Kalkofen,73335007,Nordpfälzer Land,Verbandsgemeinde,Donnersbergkreis
07333037,Katzenbach,73335007,Nordpfälzer Land,Verbandsgemeinde,Donnersbergkreis
07333043,Mannweiler-Cölln,73335007,Nordpfälzer Land,Verbandsgemeinde,Donnersbergkreis
07333049,Münsterappel,73335007,Nordpfälzer Land,Verbandsgemeinde,Donnersbergkreis
07333050,Niederhausen an der Appel,73335007,Nordpfälzer Land,Verbandsgemeinde,Donnersbergkreis
07333051,Niedermoschel,73335007,Nordpfälzer Land,Verbandsgemeinde,Donnersbergkreis
07333053,Oberhausen an der Appel,73335007,Nordpfälzer Land,Verbandsgemeinde,Donnersbergkreis
07333054,Obermoschel,73335007,Nordpfälzer Land,Verbandsgemeinde,Donnersbergkreis
07333055,Oberndorf,73335007,Nordpfälzer Land,Verbandsgemeinde,Donnersbergkreis
07333061,Ransweiler,73335007,Nordpfälzer Land,Verbandsgemeinde,Donnersbergkreis
07333065,Ruppertsecken,73335007,Nordpfälzer Land,Verbandsgemeinde,Donnersbergkreis
07333066,Sankt Alban,73335007,Nordpfälzer Land,Verbandsgemeinde,Donnersbergkreis
07333067,Schiersfeld,73335007,Nordpfälzer Land,Verbandsgemeinde,Donnersbergkreis
07333068,Schönborn,73335007,Nordpfälzer Land,Verbandsgemeinde,Donnersbergkreis
07333072,Sitters,73335007,Nordpfälzer Land,Verbandsgemeinde,Donnersbergkreis
07333073,Stahlberg,73335007,Nordpfälzer Land,Verbandsgemeinde,Donnersbergkreis
07333077,Teschenmoschel,73335007,Nordpfälzer Land,Verbandsgemeinde,Donnersbergkreis
07333078,Unkenbach,73335007,Nordpfälzer Land,Verbandsgemeinde,Donnersbergkreis
07333079,Waldgrehweiler,73335007,Nordpfälzer Land,Verbandsgemeinde,Donnersbergkreis
07333083,Winterborn,73335007,Nordpfälzer Land,Verbandsgemeinde,Donnersbergkreis
07333084,Würzweiler,73335007,Nordpfälzer Land,Verbandsgemeinde,Donnersbergkreis
07333201,Rathskirchen,73335007,Nordpfälzer Land,Verbandsgemeinde,Donnersbergkreis
07333202,Reichsthal,73335007,Nordpfälzer Land,Verbandsgemeinde,Donnersbergkreis
07333203,Seelen,73335007,Nordpfälzer Land,Verbandsgemeinde,Donnersbergkreis
07333502,Rockenhausen,73335007,Nordpfälzer Land,Verbandsgemeinde,Donnersbergkreis
07334007,Germersheim,73340007,Germersheim,Verbandsfreie Gemeinde,Germersheim
07334501,Wörth am Rhein,73340501,Wörth am Rhein,Verbandsfreie Gemeinde,Germersheim
07334001,Bellheim,73345001,Bellheim,Verbandsgemeinde,Germersheim
07334014,Knittelsheim,73345001,Bellheim,Verbandsgemeinde,Germersheim
07334023,Ottersheim bei Landau,73345001,Bellheim,Verbandsgemeinde,Germersheim
07334036,Zeiskam,73345001,Bellheim,Verbandsgemeinde,Germersheim
07334002,Berg (Pfalz),73345002,Hagenbach,Verbandsgemeinde,Germersheim
07334008,Hagenbach,73345002,Hagenbach,Verbandsgemeinde,Germersheim
07334021,Neuburg am Rhein,73345002,Hagenbach,Verbandsgemeinde,Germersheim
07334027,Scheibenhardt,73345002,Hagenbach,Verbandsgemeinde,Germersheim
07334009,Hatzenbühl,73345003,Jockgrim,Verbandsgemeinde,Germersheim
07334012,Jockgrim,73345003,Jockgrim,Verbandsgemeinde,Germersheim
07334022,Neupotz,73345003,Jockgrim,Verbandsgemeinde,Germersheim
07334024,Rheinzabern,73345003,Jockgrim,Verbandsgemeinde,Germersheim
07334004,Erlenbach bei Kandel,73345004,Kandel,Verbandsgemeinde,Germersheim
07334005,Freckenfeld,73345004,Kandel,Verbandsgemeinde,Germersheim
07334013,Kandel,73345004,Kandel,Verbandsgemeinde,Germersheim
07334020,Minfeld,73345004,Kandel,Verbandsgemeinde,Germersheim
07334030,Steinweiler,73345004,Kandel,Verbandsgemeinde,Germersheim
07334031,Vollmersweiler,73345004,Kandel,Verbandsgemeinde,Germersheim
07334034,Winden,73345004,Kandel,Verbandsgemeinde,Germersheim
07334006,Freisbach,73345005,Lingenfeld,Verbandsgemeinde,Germersheim
07334017,Lingenfeld,73345005,Lingenfeld,Verbandsgemeinde,Germersheim
07334018,Lustadt,73345005,Lingenfeld,Verbandsgemeinde,Germersheim
07334028,Schwegenheim,73345005,Lingenfeld,Verbandsgemeinde,Germersheim
07334032,Weingarten (Pfalz),73345005,Lingenfeld,Verbandsgemeinde,Germersheim
07334033,Westheim (Pfalz),73345005,Lingenfeld,Verbandsgemeinde,Germersheim
07334011,Hördt,73345006,Rülzheim,Verbandsgemeinde,Germersheim
07334015,Kuhardt,73345006,Rülzheim,Verbandsgemeinde,Germersheim
07334016,Leimersheim,73345006,Rülzheim,Verbandsgemeinde,Germersheim
07334025,Rülzheim,73345006,Rülzheim,Verbandsgemeinde,Germersheim
07335003,Bruchmühlbach-Miesau,73355001,Bruchmühlbach-Miesau,Verbandsgemeinde,Kaiserslautern
07335011,Gerhardsbrunn,73355001,Bruchmühlbach-Miesau,Verbandsgemeinde,Kaiserslautern
07335201,Lambsborn,73355001,Bruchmühlbach-Miesau,Verbandsgemeinde,Kaiserslautern
07335202,Langwieden,73355001,Bruchmühlbach-Miesau,Verbandsgemeinde,Kaiserslautern
07335203,Martinshöhe,73355001,Bruchmühlbach-Miesau,Verbandsgemeinde,Kaiserslautern
07335004,Enkenbach-Alsenborn,73355002,Enkenbach-Alsenborn,Verbandsgemeinde,Kaiserslautern
07335007,Fischbach,73355002,Enkenbach-Alsenborn,Verbandsgemeinde,Kaiserslautern
07335010,Frankenstein,73355002,Enkenbach-Alsenborn,Verbandsgemeinde,Kaiserslautern
07335015,Hochspeyer,73355002,Enkenbach-Alsenborn,Verbandsgemeinde,Kaiserslautern
07335026,Mehlingen,73355002,Enkenbach-Alsenborn,Verbandsgemeinde,Kaiserslautern
07335028,Neuhemsbach,73355002,Enkenbach-Alsenborn,Verbandsgemeinde,Kaiserslautern
07335048,Waldleiningen,73355002,Enkenbach-Alsenborn,Verbandsgemeinde,Kaiserslautern
07335205,Sembach,73355002,Enkenbach-Alsenborn,Verbandsgemeinde,Kaiserslautern
07335016,Hütschenhausen,73355008,Ramstein-Miesenbach,Verbandsgemeinde,Kaiserslautern
07335020,Kottweiler-Schwanden,73355008,Ramstein-Miesenbach,Verbandsgemeinde,Kaiserslautern
07335030,Niedermohr,73355008,Ramstein-Miesenbach,Verbandsgemeinde,Kaiserslautern
07335038,Ramstein-Miesenbach,73355008,Ramstein-Miesenbach,Verbandsgemeinde,Kaiserslautern
07335044,Steinwenden,73355008,Ramstein-Miesenbach,Verbandsgemeinde,Kaiserslautern
07335005,Erzenhausen,73355009,Weilerbach,Verbandsgemeinde,Kaiserslautern
07335006,Eulenbis,73355009,Weilerbach,Verbandsgemeinde,Kaiserslautern
07335019,Kollweiler,73355009,Weilerbach,Verbandsgemeinde,Kaiserslautern
07335024,Mackenbach,73355009,Weilerbach,Verbandsgemeinde,Kaiserslautern
07335040,Rodenbach,73355009,Weilerbach,Verbandsgemeinde,Kaiserslautern
07335043,Schwedelbach,73355009,Weilerbach,Verbandsgemeinde,Kaiserslautern
07335049,Weilerbach,73355009,Weilerbach,Verbandsgemeinde,Kaiserslautern
07335501,Reichenbach-Steegen,73355009,Weilerbach,Verbandsgemeinde,Kaiserslautern
07335009,Frankelbach,73355010,Otterbach-Otterberg,Verbandsgemeinde,Kaiserslautern
07335013,Heiligenmoschel,73355010,Otterbach-Otterberg,Verbandsgemeinde,Kaiserslautern
07335014,Hirschhorn/Pfalz,73355010,Otterbach-Otterberg,Verbandsgemeinde,Kaiserslautern
07335017,Katzweiler,73355010,Otterbach-Otterberg,Verbandsgemeinde,Kaiserslautern
07335025,Mehlbach,73355010,Otterbach-Otterberg,Verbandsgemeinde,Kaiserslautern
07335029,Niederkirchen,73355010,Otterbach-Otterberg,Verbandsgemeinde,Kaiserslautern
07335033,Olsbrücken,73355010,Otterbach-Otterberg,Verbandsgemeinde,Kaiserslautern
07335034,Otterbach,73355010,Otterbach-Otterberg,Verbandsgemeinde,Kaiserslautern
07335035,Otterberg,73355010,Otterbach-Otterberg,Verbandsgemeinde,Kaiserslautern
07335041,Schallodenbach,73355010,Otterbach-Otterberg,Verbandsgemeinde,Kaiserslautern
07335042,Schneckenhausen,73355010,Otterbach-Otterberg,Verbandsgemeinde,Kaiserslautern
07335046,Sulzbachtal,73355010,Otterbach-Otterberg,Verbandsgemeinde,Kaiserslautern
07335002,Bann,73355011,Landstuhl,Verbandsgemeinde,Kaiserslautern
07335012,Hauptstuhl,73355011,Landstuhl,Verbandsgemeinde,Kaiserslautern
07335018,Kindsbach,73355011,Landstuhl,Verbandsgemeinde,Kaiserslautern
07335021,Krickenbach,73355011,Landstuhl,Verbandsgemeinde,Kaiserslautern
07335022,Landstuhl,73355011,Landstuhl,Verbandsgemeinde,Kaiserslautern
07335023,Linden,73355011,Landstuhl,Verbandsgemeinde,Kaiserslautern
07335027,Mittelbrunn,73355011,Landstuhl,Verbandsgemeinde,Kaiserslautern
07335031,Oberarnbach,73355011,Landstuhl,Verbandsgemeinde,Kaiserslautern
07335037,Queidersbach,73355011,Landstuhl,Verbandsgemeinde,Kaiserslautern
07335045,Stelzenberg,73355011,Landstuhl,Verbandsgemeinde,Kaiserslautern
07335047,Trippstadt,73355011,Landstuhl,Verbandsgemeinde,Kaiserslautern
07335204,Schopp,73355011,Landstuhl,Verbandsgemeinde,Kaiserslautern
07336001,Adenbach,73365008,Lauterecken-Wolfstein,Verbandsgemeinde,Kusel
07336005,Aschbach,73365008,Lauterecken-Wolfstein,Verbandsgemeinde,Kusel
07336012,Buborn,73365008,Lauterecken-Wolfstein,Verbandsgemeinde,Kusel
07336013,Cronenberg,73365008,Lauterecken-Wolfstein,Verbandsgemeinde,Kusel
07336014,Deimberg,73365008,Lauterecken-Wolfstein,Verbandsgemeinde,Kusel
07336019,Einöllen,73365008,Lauterecken-Wolfstein,Verbandsgemeinde,Kusel
07336023,Eßweiler,73365008,Lauterecken-Wolfstein,Verbandsgemeinde,Kusel
07336029,Ginsweiler,73365008,Lauterecken-Wolfstein,Verbandsgemeinde,Kusel
07336030,Glanbrücken,73365008,Lauterecken-Wolfstein,Verbandsgemeinde,Kusel
07336033,Grumbach,73365008,Lauterecken-Wolfstein,Verbandsgemeinde,Kusel
07336035,Hausweiler,73365008,Lauterecken-Wolfstein,Verbandsgemeinde,Kusel
07336036,Hefersweiler,73365008,Lauterecken-Wolfstein,Verbandsgemeinde,Kusel
07336038,Heinzenhausen,73365008,Lauterecken-Wolfstein,Verbandsgemeinde,Kusel
07336040,Herren-Sulzbach,73365008,Lauterecken-Wolfstein,Verbandsgemeinde,Kusel
07336042,Hinzweiler,73365008,Lauterecken-Wolfstein,Verbandsgemeinde,Kusel
07336043,Hohenöllen,73365008,Lauterecken-Wolfstein,Verbandsgemeinde,Kusel
07336044,Homberg,73365008,Lauterecken-Wolfstein,Verbandsgemeinde,Kusel
07336045,Hoppstädten,73365008,Lauterecken-Wolfstein,Verbandsgemeinde,Kusel
07336048,Jettenbach,73365008,Lauterecken-Wolfstein,Verbandsgemeinde,Kusel
07336049,Kappeln,73365008,Lauterecken-Wolfstein,Verbandsgemeinde,Kusel
07336050,Kirrweiler,73365008,Lauterecken-Wolfstein,Verbandsgemeinde,Kusel
07336053,Kreimbach-Kaulbach,73365008,Lauterecken-Wolfstein,Verbandsgemeinde,Kusel
07336057,Langweiler,73365008,Lauterecken-Wolfstein,Verbandsgemeinde,Kusel
07336058,Lauterecken,73365008,Lauterecken-Wolfstein,Verbandsgemeinde,Kusel
07336060,Lohnweiler,73365008,Lauterecken-Wolfstein,Verbandsgemeinde,Kusel
07336061,Medard,73365008,Lauterecken-Wolfstein,Verbandsgemeinde,Kusel
07336062,Merzweiler,73365008,Lauterecken-Wolfstein,Verbandsgemeinde,Kusel
07336065,Nerzweiler,73365008,Lauterecken-Wolfstein,Verbandsgemeinde,Kusel
07336069,Nußbach,73365008,Lauterecken-Wolfstein,Verbandsgemeinde,Kusel
07336072,Oberweiler im Tal,73365008,Lauterecken-Wolfstein,Verbandsgemeinde,Kusel
07336073,Oberweiler-Tiefenbach,73365008,Lauterecken-Wolfstein,Verbandsgemeinde,Kusel
07336074,Odenbach,73365008,Lauterecken-Wolfstein,Verbandsgemeinde,Kusel
07336075,Offenbach-Hundheim,73365008,Lauterecken-Wolfstein,Verbandsgemeinde,Kusel
07336085,Reipoltskirchen,73365008,Lauterecken-Wolfstein,Verbandsgemeinde,Kusel
07336086,Relsberg,73365008,Lauterecken-Wolfstein,Verbandsgemeinde,Kusel
07336087,Rothselberg,73365008,Lauterecken-Wolfstein,Verbandsgemeinde,Kusel
07336090,Rutsweiler an der Lauter,73365008,Lauterecken-Wolfstein,Verbandsgemeinde,Kusel
07336095,Sankt Julian,73365008,Lauterecken-Wolfstein,Verbandsgemeinde,Kusel
07336100,Unterjeckenbach,73365008,Lauterecken-Wolfstein,Verbandsgemeinde,Kusel
07336104,Wiesweiler,73365008,Lauterecken-Wolfstein,Verbandsgemeinde,Kusel
07336105,Wolfstein,73365008,Lauterecken-Wolfstein,Verbandsgemeinde,Kusel
07336004,Altenkirchen,73365009,Oberes Glantal,Verbandsgemeinde,Kusel
07336008,Börsborn,73365009,Oberes Glantal,Verbandsgemeinde,Kusel
07336010,Breitenbach,73365009,Oberes Glantal,Verbandsgemeinde,Kusel
07336011,Brücken (Pfalz),73365009,Oberes Glantal,Verbandsgemeinde,Kusel
07336016,Dittweiler,73365009,Oberes Glantal,Verbandsgemeinde,Kusel
07336017,Dunzweiler,73365009,Oberes Glantal,Verbandsgemeinde,Kusel
07336027,Frohnhofen,73365009,Oberes Glantal,Verbandsgemeinde,Kusel
07336031,Glan-Münchweiler,73365009,Oberes Glantal,Verbandsgemeinde,Kusel
07336032,Gries,73365009,Oberes Glantal,Verbandsgemeinde,Kusel
07336037,Henschtal,73365009,Oberes Glantal,Verbandsgemeinde,Kusel
07336041,Herschweiler-Pettersheim,73365009,Oberes Glantal,Verbandsgemeinde,Kusel
07336047,Hüffler,73365009,Oberes Glantal,Verbandsgemeinde,Kusel
07336054,Krottelbach,73365009,Oberes Glantal,Verbandsgemeinde,Kusel
07336056,Langenbach,73365009,Oberes Glantal,Verbandsgemeinde,Kusel
07336064,Nanzdietschweiler,73365009,Oberes Glantal,Verbandsgemeinde,Kusel
07336076,Ohmbach,73365009,Oberes Glantal,Verbandsgemeinde,Kusel
07336082,Rehweiler,73365009,Oberes Glantal,Verbandsgemeinde,Kusel
07336092,Schönenberg-Kübelberg,73365009,Oberes Glantal,Verbandsgemeinde,Kusel
07336096,Steinbach am Glan,73365009,Oberes Glantal,Verbandsgemeinde,Kusel
07336101,Wahnwegen,73365009,Oberes Glantal,Verbandsgemeinde,Kusel
07336102,Waldmohr,73365009,Oberes Glantal,Verbandsgemeinde,Kusel
07336107,Matzenbach,73365009,Oberes Glantal,Verbandsgemeinde,Kusel
07336501,Quirnbach/Pfalz,73365009,Oberes Glantal,Verbandsgemeinde,Kusel
07336002,Albessen,73365010,Kusel-Altenglan,Verbandsgemeinde,Kusel
07336003,Altenglan,73365010,Kusel-Altenglan,Verbandsgemeinde,Kusel
07336006,Blaubach,73365010,Kusel-Altenglan,Verbandsgemeinde,Kusel
07336009,Bosenbach,73365010,Kusel-Altenglan,Verbandsgemeinde,Kusel
07336015,Dennweiler-Frohnbach,73365010,Kusel-Altenglan,Verbandsgemeinde,Kusel
07336018,Ehweiler,73365010,Kusel-Altenglan,Verbandsgemeinde,Kusel
07336021,Elzweiler,73365010,Kusel-Altenglan,Verbandsgemeinde,Kusel
07336022,Erdesbach,73365010,Kusel-Altenglan,Verbandsgemeinde,Kusel
07336024,Etschberg,73365010,Kusel-Altenglan,Verbandsgemeinde,Kusel
07336025,Föckelberg,73365010,Kusel-Altenglan,Verbandsgemeinde,Kusel
07336034,Haschbach am Remigiusberg,73365010,Kusel-Altenglan,Verbandsgemeinde,Kusel
07336039,Herchweiler,73365010,Kusel-Altenglan,Verbandsgemeinde,Kusel
07336046,Horschbach,73365010,Kusel-Altenglan,Verbandsgemeinde,Kusel
07336051,Körborn,73365010,Kusel-Altenglan,Verbandsgemeinde,Kusel
07336052,Konken,73365010,Kusel-Altenglan,Verbandsgemeinde,Kusel
07336055,Kusel,73365010,Kusel-Altenglan,Verbandsgemeinde,Kusel
07336066,Neunkirchen am Potzberg,73365010,Kusel-Altenglan,Verbandsgemeinde,Kusel
07336067,Niederalben,73365010,Kusel-Altenglan,Verbandsgemeinde,Kusel
07336068,Niederstaufenbach,73365010,Kusel-Altenglan,Verbandsgemeinde,Kusel
07336070,Oberalben,73365010,Kusel-Altenglan,Verbandsgemeinde,Kusel
07336071,Oberstaufenbach,73365010,Kusel-Altenglan,Verbandsgemeinde,Kusel
07336077,Pfeffelbach,73365010,Kusel-Altenglan,Verbandsgemeinde,Kusel
07336079,Rammelsbach,73365010,Kusel-Altenglan,Verbandsgemeinde,Kusel
07336081,Rathsweiler,73365010,Kusel-Altenglan,Verbandsgemeinde,Kusel
07336084,Reichweiler,73365010,Kusel-Altenglan,Verbandsgemeinde,Kusel
07336088,Ruthweiler,73365010,Kusel-Altenglan,Verbandsgemeinde,Kusel
07336089,Rutsweiler am Glan,73365010,Kusel-Altenglan,Verbandsgemeinde,Kusel
07336091,Schellweiler,73365010,Kusel-Altenglan,Verbandsgemeinde,Kusel
07336094,Selchenbach,73365010,Kusel-Altenglan,Verbandsgemeinde,Kusel
07336097,Thallichtenberg,73365010,Kusel-Altenglan,Verbandsgemeinde,Kusel
07336098,Theisbergstegen,73365010,Kusel-Altenglan,Verbandsgemeinde,Kusel
07336099,Ulmet,73365010,Kusel-Altenglan,Verbandsgemeinde,Kusel
07336103,Welchweiler,73365010,Kusel-Altenglan,Verbandsgemeinde,Kusel
07336106,Bedesbach,73365010,Kusel-Altenglan,Verbandsgemeinde,Kusel
07337001,Albersweiler,73375001,Annweiler am Trifels,Verbandsgemeinde,Südliche Weinstraße
07337017,Dernbach,73375001,Annweiler am Trifels,Verbandsgemeinde,Südliche Weinstraße
07337024,Eußerthal,73375001,Annweiler am Trifels,Verbandsgemeinde,Südliche Weinstraße
07337033,Gossersweiler-Stein,73375001,Annweiler am Trifels,Verbandsgemeinde,Südliche Weinstraße
07337054,Münchweiler am Klingbach,73375001,Annweiler am Trifels,Verbandsgemeinde,Südliche Weinstraße
07337064,Ramberg,73375001,Annweiler am Trifels,Verbandsgemeinde,Südliche Weinstraße
07337067,Rinnthal,73375001,Annweiler am Trifels,Verbandsgemeinde,Südliche Weinstraße
07337074,Silz,73375001,Annweiler am Trifels,Verbandsgemeinde,Südliche Weinstraße
07337078,Völkersweiler,73375001,Annweiler am Trifels,Verbandsgemeinde,Südliche Weinstraße
07337080,Waldhambach,73375001,Annweiler am Trifels,Verbandsgemeinde,Südliche Weinstraße
07337081,Waldrohrbach,73375001,Annweiler am Trifels,Verbandsgemeinde,Südliche Weinstraße
07337083,Wernersberg,73375001,Annweiler am Trifels,Verbandsgemeinde,Südliche Weinstraße
07337501,Annweiler am Trifels,73375001,Annweiler am Trifels,Verbandsgemeinde,Südliche Weinstraße
07337005,Bad Bergzabern,73375002,Bad Bergzabern,Verbandsgemeinde,Südliche Weinstraße
07337006,Barbelroth,73375002,Bad Bergzabern,Verbandsgemeinde,Südliche Weinstraße
07337008,Birkenhördt,73375002,Bad Bergzabern,Verbandsgemeinde,Südliche Weinstraße
07337013,Böllenborn,73375002,Bad Bergzabern,Verbandsgemeinde,Südliche Weinstraße
07337018,Dierbach,73375002,Bad Bergzabern,Verbandsgemeinde,Südliche Weinstraße
07337019,Dörrenbach,73375002,Bad Bergzabern,Verbandsgemeinde,Südliche Weinstraße
07337029,Gleiszellen-Gleishorbach,73375002,Bad Bergzabern,Verbandsgemeinde,Südliche Weinstraße
07337037,Hergersweiler,73375002,Bad Bergzabern,Verbandsgemeinde,Südliche Weinstraße
07337045,Kapellen-Drusweiler,73375002,Bad Bergzabern,Verbandsgemeinde,Südliche Weinstraße
07337046,Kapsweyer,73375002,Bad Bergzabern,Verbandsgemeinde,Südliche Weinstraße
07337049,Klingenmünster,73375002,Bad Bergzabern,Verbandsgemeinde,Südliche Weinstraße
07337055,Niederhorbach,73375002,Bad Bergzabern,Verbandsgemeinde,Südliche Weinstraße
07337056,Niederotterbach,73375002,Bad Bergzabern,Verbandsgemeinde,Südliche Weinstraße
07337058,Oberhausen,73375002,Bad Bergzabern,Verbandsgemeinde,Südliche Weinstraße
07337059,Oberotterbach,73375002,Bad Bergzabern,Verbandsgemeinde,Südliche Weinstraße
07337060,Oberschlettenbach,73375002,Bad Bergzabern,Verbandsgemeinde,Südliche Weinstraße
07337062,Pleisweiler-Oberhofen,73375002,Bad Bergzabern,Verbandsgemeinde,Südliche Weinstraße
07337071,Schweigen-Rechtenbach,73375002,Bad Bergzabern,Verbandsgemeinde,Südliche Weinstraße
07337072,Schweighofen,73375002,Bad Bergzabern,Verbandsgemeinde,Südliche Weinstraße
07337076,Steinfeld,73375002,Bad Bergzabern,Verbandsgemeinde,Südliche Weinstraße
07337079,Vorderweidenthal,73375002,Bad Bergzabern,Verbandsgemeinde,Südliche Weinstraße
07337002,Altdorf,73375003,Edenkoben,Verbandsgemeinde,Südliche Weinstraße
07337011,Böbingen,73375003,Edenkoben,Verbandsgemeinde,Südliche Weinstraße
07337015,Burrweiler,73375003,Edenkoben,Verbandsgemeinde,Südliche Weinstraße
07337020,Edenkoben,73375003,Edenkoben,Verbandsgemeinde,Südliche Weinstraße
07337021,Edesheim,73375003,Edenkoben,Verbandsgemeinde,Südliche Weinstraße
07337025,Flemlingen,73375003,Edenkoben,Verbandsgemeinde,Südliche Weinstraße
07337027,Freimersheim (Pfalz),73375003,Edenkoben,Verbandsgemeinde,Südliche Weinstraße
07337028,Gleisweiler,73375003,Edenkoben,Verbandsgemeinde,Südliche Weinstraße
07337032,Gommersheim,73375003,Edenkoben,Verbandsgemeinde,Südliche Weinstraße
07337035,Großfischlingen,73375003,Edenkoben,Verbandsgemeinde,Südliche Weinstraße
07337036,Hainfeld,73375003,Edenkoben,Verbandsgemeinde,Südliche Weinstraße
07337048,Kleinfischlingen,73375003,Edenkoben,Verbandsgemeinde,Südliche Weinstraße
07337066,Rhodt unter Rietburg,73375003,Edenkoben,Verbandsgemeinde,Südliche Weinstraße
07337069,Roschbach,73375003,Edenkoben,Verbandsgemeinde,Südliche Weinstraße
07337077,Venningen,73375003,Edenkoben,Verbandsgemeinde,Südliche Weinstraße
07337084,Weyher in der Pfalz,73375003,Edenkoben,Verbandsgemeinde,Südliche Weinstraße
07337038,Herxheim bei Landau/Pfalz,73375004,Herxheim,Verbandsgemeinde,Südliche Weinstraße
07337039,Herxheimweyher,73375004,Herxheim,Verbandsgemeinde,Südliche Weinstraße
07337044,Insheim,73375004,Herxheim,Verbandsgemeinde,Südliche Weinstraße
07337068,Rohrbach,73375004,Herxheim,Verbandsgemeinde,Südliche Weinstraße
07337007,Billigheim-Ingenheim,73375005,Landau-Land,Verbandsgemeinde,Südliche Weinstraße
07337009,Birkweiler,73375005,Landau-Land,Verbandsgemeinde,Südliche Weinstraße
07337012,Böchingen,73375005,Landau-Land,Verbandsgemeinde,Südliche Weinstraße
07337022,Eschbach,73375005,Landau-Land,Verbandsgemeinde,Südliche Weinstraße
07337026,Frankweiler,73375005,Landau-Land,Verbandsgemeinde,Südliche Weinstraße
07337031,Göcklingen,73375005,Landau-Land,Verbandsgemeinde,Südliche Weinstraße
07337040,Heuchelheim-Klingen,73375005,Landau-Land,Verbandsgemeinde,Südliche Weinstraße
07337042,Ilbesheim bei Landau in der Pfalz,73375005,Landau-Land,Verbandsgemeinde,Südliche Weinstraße
07337043,Impflingen,73375005,Landau-Land,Verbandsgemeinde,Südliche Weinstraße
07337050,Knöringen,73375005,Landau-Land,Verbandsgemeinde,Südliche Weinstraße
07337051,Leinsweiler,73375005,Landau-Land,Verbandsgemeinde,Südliche Weinstraße
07337065,Ranschbach,73375005,Landau-Land,Verbandsgemeinde,Südliche Weinstraße
07337073,Siebeldingen,73375005,Landau-Land,Verbandsgemeinde,Südliche Weinstraße
07337082,Walsheim,73375005,Landau-Land,Verbandsgemeinde,Südliche Weinstraße
07337047,Kirrweiler (Pfalz),73375006,Maikammer,Verbandsgemeinde,Südliche Weinstraße
07337052,Maikammer,73375006,Maikammer,Verbandsgemeinde,Südliche Weinstraße
07337070,Sankt Martin,73375006,Maikammer,Verbandsgemeinde,Südliche Weinstraße
07337014,Bornheim,73375007,Offenbach an der Queich,Verbandsgemeinde,Südliche Weinstraße
07337023,Essingen,73375007,Offenbach an der Queich,Verbandsgemeinde,Südliche Weinstraße
07337041,Hochstadt (Pfalz),73375007,Offenbach an der Queich,Verbandsgemeinde,Südliche Weinstraße
07337061,Offenbach an der Queich,73375007,Offenbach an der Queich,Verbandsgemeinde,Südliche Weinstraße
07338004,Bobenheim-Roxheim,73380004,Bobenheim-Roxheim,Verbandsfreie Gemeinde,Rhein-Pfalz-Kreis
07338005,Böhl-Iggelheim,73380005,Böhl-Iggelheim,Verbandsfreie Gemeinde,Rhein-Pfalz-Kreis
07338017,Limburgerhof,73380017,Limburgerhof,Verbandsfreie Gemeinde,Rhein-Pfalz-Kreis
07338019,Mutterstadt,73380019,Mutterstadt,Verbandsfreie Gemeinde,Rhein-Pfalz-Kreis
07338025,Schifferstadt,73380025,Schifferstadt,Verbandsfreie Gemeinde,Rhein-Pfalz-Kreis
07338006,Dannstadt-Schauernheim,73385001,Dannstadt-Schauernheim,Verbandsgemeinde,Rhein-Pfalz-Kreis
07338014,Hochdorf-Assenheim,73385001,Dannstadt-Schauernheim,Verbandsgemeinde,Rhein-Pfalz-Kreis
07338022,Rödersheim-Gronau,73385001,Dannstadt-Schauernheim,Verbandsgemeinde,Rhein-Pfalz-Kreis
07338003,Birkenheide,73385004,Maxdorf,Verbandsgemeinde,Rhein-Pfalz-Kreis
07338008,Fußgönheim,73385004,Maxdorf,Verbandsgemeinde,Rhein-Pfalz-Kreis
07338018,Maxdorf,73385004,Maxdorf,Verbandsgemeinde,Rhein-Pfalz-Kreis
07338002,Beindersheim,73385006,Lambsheim-Heßheim,Verbandsgemeinde,Rhein-Pfalz-Kreis
07338009,Großniedesheim,73385006,Lambsheim-Heßheim,Verbandsgemeinde,Rhein-Pfalz-Kreis
07338012,Heßheim,73385006,Lambsheim-Heßheim,Verbandsgemeinde,Rhein-Pfalz-Kreis
07338013,Heuchelheim bei Frankenthal,73385006,Lambsheim-Heßheim,Verbandsgemeinde,Rhein-Pfalz-Kreis
07338015,Kleinniedesheim,73385006,Lambsheim-Heßheim,Verbandsgemeinde,Rhein-Pfalz-Kreis
07338016,Lambsheim,73385006,Lambsheim-Heßheim,Verbandsgemeinde,Rhein-Pfalz-Kreis
07338007,Dudenhofen,73385007,Römerberg-Dudenhofen,Verbandsgemeinde,Rhein-Pfalz-Kreis
07338010,Hanhofen,73385007,Römerberg-Dudenhofen,Verbandsgemeinde,Rhein-Pfalz-Kreis
07338011,Harthausen,73385007,Römerberg-Dudenhofen,Verbandsgemeinde,Rhein-Pfalz-Kreis
07338023,Römerberg,73385007,Römerberg-Dudenhofen,Verbandsgemeinde,Rhein-Pfalz-Kreis
07338001,Altrip,73385008,Rheinauen,Verbandsgemeinde,Rhein-Pfalz-Kreis
07338020,Neuhofen,73385008,Rheinauen,Verbandsgemeinde,Rhein-Pfalz-Kreis
07338021,Otterstadt,73385008,Rheinauen,Verbandsgemeinde,Rhein-Pfalz-Kreis
07338026,Waldsee,73385008,Rheinauen,Verbandsgemeinde,Rhein-Pfalz-Kreis
07339005,Bingen am Rhein,73390005,Bingen am Rhein,Verbandsfreie Gemeinde,Mainz-Bingen
07339009,Budenheim,73390009,Budenheim,Verbandsfreie Gemeinde,Mainz-Bingen
07339030,Ingelheim am Rhein,73390030,Ingelheim am Rhein,Verbandsfreie Gemeinde,Mainz-Bingen
07339003,Bacharach,73395001,Rhein-Nahe,Verbandsgemeinde,Mainz-Bingen
07339007,Breitscheid,73395001,Rhein-Nahe,Verbandsgemeinde,Mainz-Bingen
07339036,Manubach,73395001,Rhein-Nahe,Verbandsgemeinde,Mainz-Bingen
07339038,Münster-Sarmsheim,73395001,Rhein-Nahe,Verbandsgemeinde,Mainz-Bingen
07339040,Niederheimbach,73395001,Rhein-Nahe,Verbandsgemeinde,Mainz-Bingen
07339044,Oberdiebach,73395001,Rhein-Nahe,Verbandsgemeinde,Mainz-Bingen
07339045,Oberheimbach,73395001,Rhein-Nahe,Verbandsgemeinde,Mainz-Bingen
07339058,Trechtingshausen,73395001,Rhein-Nahe,Verbandsgemeinde,Mainz-Bingen
07339062,Waldalgesheim,73395001,Rhein-Nahe,Verbandsgemeinde,Mainz-Bingen
07339063,Weiler bei Bingen,73395001,Rhein-Nahe,Verbandsgemeinde,Mainz-Bingen
07339006,Bodenheim,73395002,Bodenheim,Verbandsgemeinde,Mainz-Bingen
07339020,Gau-Bischofsheim,73395002,Bodenheim,Verbandsgemeinde,Mainz-Bingen
07339026,Harxheim,73395002,Bodenheim,Verbandsgemeinde,Mainz-Bingen
07339034,Lörzweiler,73395002,Bodenheim,Verbandsgemeinde,Mainz-Bingen
07339039,Nackenheim,73395002,Bodenheim,Verbandsgemeinde,Mainz-Bingen
07339001,Appenheim,73395003,Gau-Algesheim,Verbandsgemeinde,Mainz-Bingen
07339008,Bubenheim,73395003,Gau-Algesheim,Verbandsgemeinde,Mainz-Bingen
07339016,Engelstadt,73395003,Gau-Algesheim,Verbandsgemeinde,Mainz-Bingen
07339019,Gau-Algesheim,73395003,Gau-Algesheim,Verbandsgemeinde,Mainz-Bingen
07339041,Nieder-Hilbersheim,73395003,Gau-Algesheim,Verbandsgemeinde,Mainz-Bingen
07339046,Ober-Hilbersheim,73395003,Gau-Algesheim,Verbandsgemeinde,Mainz-Bingen
07339048,Ockenheim,73395003,Gau-Algesheim,Verbandsgemeinde,Mainz-Bingen
07339051,Schwabenheim an der Selz,73395003,Gau-Algesheim,Verbandsgemeinde,Mainz-Bingen
07339017,Essenheim,73395006,Nieder-Olm,Verbandsgemeinde,Mainz-Bingen
07339031,Jugenheim in Rheinhessen,73395006,Nieder-Olm,Verbandsgemeinde,Mainz-Bingen
07339032,Klein-Winternheim,73395006,Nieder-Olm,Verbandsgemeinde,Mainz-Bingen
07339042,Nieder-Olm,73395006,Nieder-Olm,Verbandsgemeinde,Mainz-Bingen
07339047,Ober-Olm,73395006,Nieder-Olm,Verbandsgemeinde,Mainz-Bingen
07339054,Sörgenloch,73395006,Nieder-Olm,Verbandsgemeinde,Mainz-Bingen
07339057,Stadecken-Elsheim,73395006,Nieder-Olm,Verbandsgemeinde,Mainz-Bingen
07339067,Zornheim,73395006,Nieder-Olm,Verbandsgemeinde,Mainz-Bingen
07339010,Dalheim,73395007,Rhein-Selz,Verbandsgemeinde,Mainz-Bingen
07339011,Dexheim,73395007,Rhein-Selz,Verbandsgemeinde,Mainz-Bingen
07339012,Dienheim,73395007,Rhein-Selz,Verbandsgemeinde,Mainz-Bingen
07339013,Dolgesheim,73395007,Rhein-Selz,Verbandsgemeinde,Mainz-Bingen
07339015,Eimsheim,73395007,Rhein-Selz,Verbandsgemeinde,Mainz-Bingen
07339018,Friesenheim,73395007,Rhein-Selz,Verbandsgemeinde,Mainz-Bingen
07339024,Guntersblum,73395007,Rhein-Selz,Verbandsgemeinde,Mainz-Bingen
07339025,Hahnheim,73395007,Rhein-Selz,Verbandsgemeinde,Mainz-Bingen
07339028,Hillesheim,73395007,Rhein-Selz,Verbandsgemeinde,Mainz-Bingen
07339033,Köngernheim,73395007,Rhein-Selz,Verbandsgemeinde,Mainz-Bingen
07339035,Ludwigshöhe,73395007,Rhein-Selz,Verbandsgemeinde,Mainz-Bingen
07339037,Mommenheim,73395007,Rhein-Selz,Verbandsgemeinde,Mainz-Bingen
07339043,Nierstein,73395007,Rhein-Selz,Verbandsgemeinde,Mainz-Bingen
07339049,Oppenheim,73395007,Rhein-Selz,Verbandsgemeinde,Mainz-Bingen
07339053,Selzen,73395007,Rhein-Selz,Verbandsgemeinde,Mainz-Bingen
07339059,Uelversheim,73395007,Rhein-Selz,Verbandsgemeinde,Mainz-Bingen
07339060,Undenheim,73395007,Rhein-Selz,Verbandsgemeinde,Mainz-Bingen
07339064,Weinolsheim,73395007,Rhein-Selz,Verbandsgemeinde,Mainz-Bingen
07339066,Wintersheim,73395007,Rhein-Selz,Verbandsgemeinde,Mainz-Bingen
07339201,Dorn-Dürkheim,73395007,Rhein-Selz,Verbandsgemeinde,Mainz-Bingen
07339002,Aspisheim,73395008,Sprendlingen-Gensingen,Verbandsgemeinde,Mainz-Bingen
07339004,Badenheim,73395008,Sprendlingen-Gensingen,Verbandsgemeinde,Mainz-Bingen
07339021,Gensingen,73395008,Sprendlingen-Gensingen,Verbandsgemeinde,Mainz-Bingen
07339022,Grolsheim,73395008,Sprendlingen-Gensingen,Verbandsgemeinde,Mainz-Bingen
07339029,Horrweiler,73395008,Sprendlingen-Gensingen,Verbandsgemeinde,Mainz-Bingen
07339050,Sankt Johann,73395008,Sprendlingen-Gensingen,Verbandsgemeinde,Mainz-Bingen
07339056,Sprendlingen,73395008,Sprendlingen-Gensingen,Verbandsgemeinde,Mainz-Bingen
07339065,Welgesheim,73395008,Sprendlingen-Gensingen,Verbandsgemeinde,Mainz-Bingen
07339068,Zotzenheim,73395008,Sprendlingen-Gensingen,Verbandsgemeinde,Mainz-Bingen
07339202,Wolfsheim,73395008,Sprendlingen-Gensingen,Verbandsgemeinde,Mainz-Bingen
07340001,Bobenthal,73405001,Dahner Felsenland,Verbandsgemeinde,Südwestpfalz
07340002,Busenberg,73405001,Dahner Felsenland,Verbandsgemeinde,Südwestpfalz
07340004,Dahn,73405001,Dahner Felsenland,Verbandsgemeinde,Südwestpfalz
07340009,Erfweiler,73405001,Dahner Felsenland,Verbandsgemeinde,Südwestpfalz
07340010,Erlenbach bei Dahn,73405001,Dahner Felsenland,Verbandsgemeinde,Südwestpfalz
07340011,Fischbach bei Dahn,73405001,Dahner Felsenland,Verbandsgemeinde,Südwestpfalz
07340021,Hirschthal,73405001,Dahner Felsenland,Verbandsgemeinde,Südwestpfalz
07340029,Ludwigswinkel,73405001,Dahner Felsenland,Verbandsgemeinde,Südwestpfalz
07340033,Niederschlettenbach,73405001,Dahner Felsenland,Verbandsgemeinde,Südwestpfalz
07340034,Nothweiler,73405001,Dahner Felsenland,Verbandsgemeinde,Südwestpfalz
07340039,Rumbach,73405001,Dahner Felsenland,Verbandsgemeinde,Südwestpfalz
07340043,Schindhard,73405001,Dahner Felsenland,Verbandsgemeinde,Südwestpfalz
07340045,Schönau (Pfalz),73405001,Dahner Felsenland,Verbandsgemeinde,Südwestpfalz
07340501,Bruchweiler-Bärenbach,73405001,Dahner Felsenland,Verbandsgemeinde,Südwestpfalz
07340502,Bundenthal,73405001,Dahner Felsenland,Verbandsgemeinde,Südwestpfalz
07340005,Darstein,73405002,Hauenstein,Verbandsgemeinde,Südwestpfalz
07340006,Dimbach,73405002,Hauenstein,Verbandsgemeinde,Südwestpfalz
07340014,Hauenstein,73405002,Hauenstein,Verbandsgemeinde,Südwestpfalz
07340020,Hinterweidenthal,73405002,Hauenstein,Verbandsgemeinde,Südwestpfalz
07340030,Lug,73405002,Hauenstein,Verbandsgemeinde,Südwestpfalz
07340047,Schwanheim,73405002,Hauenstein,Verbandsgemeinde,Südwestpfalz
07340049,Spirkelbach,73405002,Hauenstein,Verbandsgemeinde,Südwestpfalz
07340057,Wilgartswiesen,73405002,Hauenstein,Verbandsgemeinde,Südwestpfalz
07340008,Eppenbrunn,73405003,Pirmasens-Land,Verbandsgemeinde,Südwestpfalz
07340019,Hilst,73405003,Pirmasens-Land,Verbandsgemeinde,Südwestpfalz
07340026,Kröppen,73405003,Pirmasens-Land,Verbandsgemeinde,Südwestpfalz
07340028,Lemberg,73405003,Pirmasens-Land,Verbandsgemeinde,Südwestpfalz
07340036,Obersimten,73405003,Pirmasens-Land,Verbandsgemeinde,Südwestpfalz
07340040,Ruppertsweiler,73405003,Pirmasens-Land,Verbandsgemeinde,Südwestpfalz
07340048,Schweix,73405003,Pirmasens-Land,Verbandsgemeinde,Südwestpfalz
07340052,Trulben,73405003,Pirmasens-Land,Verbandsgemeinde,Südwestpfalz
07340053,Vinningen,73405003,Pirmasens-Land,Verbandsgemeinde,Südwestpfalz
07340205,Bottenbach,73405003,Pirmasens-Land,Verbandsgemeinde,Südwestpfalz
07340003,Clausen,73405004,Rodalben,Verbandsgemeinde,Südwestpfalz
07340007,Donsieders,73405004,Rodalben,Verbandsgemeinde,Südwestpfalz
07340027,Leimen,73405004,Rodalben,Verbandsgemeinde,Südwestpfalz
07340031,Merzalben,73405004,Rodalben,Verbandsgemeinde,Südwestpfalz
07340032,Münchweiler an der Rodalb,73405004,Rodalben,Verbandsgemeinde,Südwestpfalz
07340038,Rodalben,73405004,Rodalben,Verbandsgemeinde,Südwestpfalz
07340012,Geiselberg,73405006,Waldfischbach-Burgalben,Verbandsgemeinde,Südwestpfalz
07340015,Heltersberg,73405006,Waldfischbach-Burgalben,Verbandsgemeinde,Südwestpfalz
07340016,Hermersberg,73405006,Waldfischbach-Burgalben,Verbandsgemeinde,Südwestpfalz
07340022,Höheinöd,73405006,Waldfischbach-Burgalben,Verbandsgemeinde,Südwestpfalz
07340025,Horbach,73405006,Waldfischbach-Burgalben,Verbandsgemeinde,Südwestpfalz
07340044,Schmalenberg,73405006,Waldfischbach-Burgalben,Verbandsgemeinde,Südwestpfalz
07340050,Steinalben,73405006,Waldfischbach-Burgalben,Verbandsgemeinde,Südwestpfalz
07340054,Waldfischbach-Burgalben,73405006,Waldfischbach-Burgalben,Verbandsgemeinde,Südwestpfalz
07340201,Althornbach,73405008,Zweibrücken-Land,Verbandsgemeinde,Südwestpfalz
07340202,Battweiler,73405008,Zweibrücken-Land,Verbandsgemeinde,Südwestpfalz
07340203,Bechhofen,73405008,Zweibrücken-Land,Verbandsgemeinde,Südwestpfalz
07340206,Contwig,73405008,Zweibrücken-Land,Verbandsgemeinde,Südwestpfalz
07340207,Dellfeld,73405008,Zweibrücken-Land,Verbandsgemeinde,Südwestpfalz
07340208,Dietrichingen,73405008,Zweibrücken-Land,Verbandsgemeinde,Südwestpfalz
07340209,Großbundenbach,73405008,Zweibrücken-Land,Verbandsgemeinde,Südwestpfalz
07340210,Großsteinhausen,73405008,Zweibrücken-Land,Verbandsgemeinde,Südwestpfalz
07340211,Hornbach,73405008,Zweibrücken-Land,Verbandsgemeinde,Südwestpfalz
07340212,Käshofen,73405008,Zweibrücken-Land,Verbandsgemeinde,Südwestpfalz
07340213,Kleinbundenbach,73405008,Zweibrücken-Land,Verbandsgemeinde,Südwestpfalz
07340214,Kleinsteinhausen,73405008,Zweibrücken-Land,Verbandsgemeinde,Südwestpfalz
07340218,Mauschbach,73405008,Zweibrücken-Land,Verbandsgemeinde,Südwestpfalz
07340221,Riedelberg,73405008,Zweibrücken-Land,Verbandsgemeinde,Südwestpfalz
07340223,Rosenkopf,73405008,Zweibrücken-Land,Verbandsgemeinde,Südwestpfalz
07340226,Walshausen,73405008,Zweibrücken-Land,Verbandsgemeinde,Südwestpfalz
07340227,Wiesbach,73405008,Zweibrücken-Land,Verbandsgemeinde,Südwestpfalz
07340017,Herschberg,73405009,Thaleischweiler-Wallhalben,Verbandsgemeinde,Südwestpfalz
07340018,Hettenhausen,73405009,Thaleischweiler-Wallhalben,Verbandsgemeinde,Südwestpfalz
07340023,Höheischweiler,73405009,Thaleischweiler-Wallhalben,Verbandsgemeinde,Südwestpfalz
07340024,Höhfröschen,73405009,Thaleischweiler-Wallhalben,Verbandsgemeinde,Südwestpfalz
07340035,Nünschweiler,73405009,Thaleischweiler-Wallhalben,Verbandsgemeinde,Südwestpfalz
07340037,Petersberg,73405009,Thaleischweiler-Wallhalben,Verbandsgemeinde,Südwestpfalz
07340041,Saalstadt,73405009,Thaleischweiler-Wallhalben,Verbandsgemeinde,Südwestpfalz
07340042,Schauerberg,73405009,Thaleischweiler-Wallhalben,Verbandsgemeinde,Südwestpfalz
07340051,Thaleischweiler-Fröschen,73405009,Thaleischweiler-Wallhalben,Verbandsgemeinde,Südwestpfalz
07340055,Weselberg,73405009,Thaleischweiler-Wallhalben,Verbandsgemeinde,Südwestpfalz
07340204,Biedershausen,73405009,Thaleischweiler-Wallhalben,Verbandsgemeinde,Südwestpfalz
07340215,Knopp-Labach,73405009,Thaleischweiler-Wallhalben,Verbandsgemeinde,Südwestpfalz
07340216,Krähenberg,73405009,Thaleischweiler-Wallhalben,Verbandsgemeinde,Südwestpfalz
07340217,Maßweiler,73405009,Thaleischweiler-Wallhalben,Verbandsgemeinde,Südwestpfalz
07340219,Obernheim-Kirchenarnbach,73405009,Thaleischweiler-Wallhalben,Verbandsgemeinde,Südwestpfalz
07340220,Reifenberg,73405009,Thaleischweiler-Wallhalben,Verbandsgemeinde,Südwestpfalz
07340222,Rieschweiler-Mühlbach,73405009,Thaleischweiler-Wallhalben,Verbandsgemeinde,Südwestpfalz
07340224,Schmitshausen,73405009,Thaleischweiler-Wallhalben,Verbandsgemeinde,Südwestpfalz
07340225,Wallhalben,73405009,Thaleischweiler-Wallhalben,Verbandsgemeinde,Südwestpfalz
07340228,Winterbach (Pfalz),73405009,Thaleischweiler-Wallhalben,Verbandsgemeinde,Südwestpfalz
